name,link,ingredients,brand
Hydrating Facial Cleanser,https://www.cerave.com/skincare/cleansers/hydrating-facial-cleanser,"AQUA / WATER / EAU, GLYCERIN, CETEARYL ALCOHOL, PEG-40 STEARATE, STEARYL ALCOHOL, POTASSIUM PHOSPHATE, CERAMIDE NP, CERAMIDE AP, CERAMIDE EOP, CARBOMER, GLYCERYL STEARATE, BEHENTRIMONIUM METHOSULFATE, SODIUM LAUROYL LACTYLATE, SODIUM HYALURONATE, CHOLESTEROL, PHENOXYETHANOL, DISODIUM EDTA, DIPOTASSIUM PHOSPHATE, TOCOPHEROL, PHYTOSPHINGOSINE, XANTHAN GUM, CETYL ALCOHOL, POLYSORBATE 20, ETHYLHEXYLGLYCERINPLEASE BE AWARE THAT INGREDIENT LISTS FOR THE PRODUCTS OF OUR BRAND ARE UPDATED REGULARLY. PLEASE REFER TO THE INGREDIENT LIST ON YOUR PRODUCT PACKAGE FOR THE MOST UP TO DATE LIST OF INGREDIENTS TO ENSURE IT ISSUITABLE TO YOUR PERSONAL USE.(FOR REFILLED PRODUCTS IN THE STORE, THE MOST UP TO DATE LIST OF INGREDIENTS SHOULD BE OBTAINED LOCALLY AFTER REFILL OF THE PRODUCT ON THE POINT OF SALE).",Cerave
Hydrating Foaming Oil Cleanser,https://www.cerave.com/skincare/cleansers/facial-cleansers/hydrating-foaming-oil-cleanser,"AQUA/WATER, GLYCERIN, PEG-200 HYDROGENATED GLYCERYL PALMATE, COCO-BETAINE, DISODIUM COCOYL GLUTAMATE, PEG-120 METHYL GLUCOSE DIOLEATE, POLYSORBATE 20, PEG-7 GLYCERYL COCOATE, SQUALANE, CERAMIDE NP, CERAMIDE AP, CERAMIDE EOP, CARBOMER, TRIETHYL CITRATE, SODIUM CHLORIDE, SODIUM HYDROXIDE, SODIUM COCOYL GLUTAMATE, SODIUM BENZOATE, SODIUM LAUROYL LACTYLATE, SODIUM HYALURONATE, CHOLESTEROL, CITRIC ACID, CAPRYLOYL GLYCINE, HYDROXYACETOPHENONE, CAPRYLYL GLYCOL, CAPRYLIC/ CAPRIC TRIGLYCERIDE, TRISODIUM ETHYLENEDIAMINE DISUCCINATE, PHYTOSPHINGOSINE, XANTHAN GUM, BENZOIC ACID, PEG-150 PENTAERYTHRITYL TETRASTEARATE, PPG-5-CETETH-20, PEG-6 CAPRYLIC/CAPRIC GLYCERIDE PLEASE BE AWARE THAT INGREDIENT LISTS FOR THE PRODUCTS OF OUR BRAND ARE UPDATED REGULARLY. PLEASE REFER TO THE INGREDIENT LIST ON YOUR PRODUCT PACKAGE FOR THE MOST UP-TO-DATE LIST OF INGREDIENTS TO ENSURE IT IS SUITABLE FOR YOUR PERSONAL USE.",Cerave
Hydrating Cream-to-Foam Cleanser,https://www.cerave.com/skincare/cleansers/hydrating-cream-to-foam-cleanser,"AQUA / WATER / EAU, GLYCERIN, SODIUM METHYL COCOYL TAURATE, COCO-BETAINE, SODIUM COCOYL ISETHIONATE, SODIUM CHLORIDE, PCA, PPG-5-CETETH-20, PEG-100 STEARATE, PEG-150 PENTAERYTHRITYL TETRASTEARATE, PEG-6 CAPRYLIC/CAPRIC GLYCERIDES, PEG-30 DIPOLYHYDROXYSTEARATE, CI 77891 / TITANIUM DIOXIDE, ASPARTIC ACID, CERAMIDE NP, CERAMIDE AP, CERAMIDE EOP, SORBITAN ISOSTEARATE, CARBOMER, GLYCOL DISTEARATE, GLYCERYL STEARATE, GLYCERYL OLEATE, GLYCINE, TRIDECETH-6, CETEARYL ALCOHOL, BEHENTRIMONIUM METHOSULFATE, THREONINE, SODIUM HYDROXIDE, SALICYLIC ACID, SODIUM PCA, SODIUM LACTATE, ARGININE, SODIUM LAUROYL LACTYLATE, SERINE, SODIUM BENZOATE, VALINE, SODIUM HYALURONATE, PROLINE, ISOLEUCINE, CHOLESTEROL, PHENOXYETHANOL, ALANINE, PHENYLALANINE, COCONUT ACID, COCO-GLUCOSIDE, CHLORPHENESIN, DISODIUM EDTA, HYDROXYETHYL UREA, CITRIC ACID, HYDROXYETHYL ACRYLATE/SODIUM ACRYLOYLDIMETHYL TAURATE COPOLYMER, CAPRYLYL GLYCOL, PHYTOSPHINGOSINE, XANTHAN GUM, HISTIDINE, ACRYLATES/C10-30 ALKYL ACRYLATE CROSSPOLYMER, POLYQUATERNIUM-53, POLYQUATERNIUM-39, POLYSORBATE 60, ETHYLHEXYLGLYCERIN, BENZOIC ACID PLEASE BE AWARE THAT INGREDIENT LISTS FOR THE PRODUCTS OF OUR BRAND ARE UPDATED REGULARLY. PLEASE REFER TO THE INGREDIENT LIST ON YOUR PRODUCT PACKAGE FOR THE MOST UP TO DATE LIST OF INGREDIENTS TO ENSURE IT IS SUITABLE TO YOUR PERSONAL USE. (FOR REFILLED PRODUCTS IN THE STORE, THE MOST UP TO DATE LIST OF INGREDIENTS SHOULD BE OBTAINED LOCALLY AFTER REFILL OF THE PRODUCT ON THE POINT OF SALE.)",Cerave
Foaming Facial Cleanser,https://www.cerave.com/skincare/cleansers/foaming-facial-cleanser,"AQUA / WATER / EAU, COCAMIDOPROPYL HYDROXYSULTAINE, GLYCERIN, SODIUM LAUROYL SARCOSINATE, PEG-150 PENTAERYTHRITYL TETRASTEARATE, NIACINAMIDE, PEG-6 CAPRYLIC/CAPRIC GLYCERIDES, SODIUM METHYL COCOYL TAURATE, PROPYLENE GLYCOL, CERAMIDE NP, CERAMIDE AP, CERAMIDE EOP, CARBOMER, METHYLPARABEN, SODIUM CHLORIDE, SODIUM LAUROYL LACTYLATE, CHOLESTEROL, DISODIUM EDTA, PROPYLPARABEN, CITRIC ACID, TETRASODIUM EDTA, HYDROLYZED HYALURONIC ACID, PHYTOSPHINGOSINE, XANTHAN GUM. PLEASE BE AWARE THAT INGREDIENT LISTS FOR THE PRODUCTS OF OUR BRAND ARE UPDATED REGULARLY. PLEASE REFER TO THE INGREDIENT LIST ON YOUR PRODUCT PACKAGE FOR THE MOST UP TO DATE LIST OF INGREDIENTS TO ENSURE IT IS SUITABLE FOR YOUR PERSONAL USE.",Cerave
Renewing SA Cleanser,https://www.cerave.com/skincare/cleansers/renewing-sa-cleanser,"AQUA/WATER/EAU, COCAMIDOPROPYL HYDROXYSULTAINE, GLYCERIN, SODIUM LAUROYL SARCOSINATE, NIACINAMIDE, GLUCONOLACTONE, PEG-150 PENTAERYTHRITYL TETRASTEARATE, SODIUM METHYL COCOYL TAURATE, ZEA MAYS OIL/CORN OIL, CERAMIDE NP, CERAMIDE AP, CERAMIDE EOP, CARBOMER, CALCIUM GLUCONATE, SODIUM CHLORIDE, SALICYLIC ACID, SODIUM BENZOATE, SODIUM LAUROYL LACTYLATE, CHOLECALCIFEROL, CHOLESTEROL, PHENOXYETHANOL, DISODIUM EDTA, TETRASODIUM EDTA, HYDROLYZED HYALURONIC ACID, PHYTOSPHINGOSINE, XANTHAN GUM, ETHYLHEXYLGLYCERINPLEASE BE AWARE THAT INGREDIENT LISTS FOR THE PRODUCTS OF OUR BRAND ARE UPDATED REGULARLY. PLEASE REFER TO THE INGREDIENT LIST ON YOUR PRODUCT PACKAGE FOR THE MOST UP TO DATE LIST OF INGREDIENTS TO ENSURE IT IS SUITABLE TO YOUR PERSONAL USE. (FOR REFILLED PRODUCTS IN THE STORE, THE MOST UP TO DATE LIST OF INGREDIENTS SHOULD BE OBTAINED LOCALLY AFTER REFILL OF THE PRODUCT ON THE POINT OF SALE).",Cerave
Acne Control Cleanser,https://www.cerave.com/skincare/cleansers/acne-salicylic-acid-cleanser,"SALICYLIC ACID 2% IN  WATER, SODIUM LAUROYL SARCOSINATE, COCAMIDOPROPYL HYDROXYSULTAINE, GLYCERIN, NIACINAMIDE, GLUCONOLACTONE, SODIUM METHYL COCOYL TAURATE, PEG-150 PENTAERYTHRITYL TETRASTEARATE, CERAMIDE NP, CERAMIDE AP, CERAMIDE EOP, CARBOMER, CALCIUM GLUCONATE, TRIETHYL CITRATE, SODIUM BENZOATE, SODIUM HYDROXIDE, SODIUM LAUROYL LACTYLATE, CHOLESTEROL, TETRASODIUM EDTA, CAPRYLYL GLYCOL, HYDROLYZED HYALURONIC ACID, TRISODIUM ETHYLENEDIAMINE DISUCCINATE, XANTHAN GUM, HECTORITE, PHYTOSPHINGOSINE, BENZOIC ACID PLEASE BE AWARE THAT INGREDIENT LISTS FOR THE PRODUCTS OF OUR BRAND ARE UPDATED REGULARLY. PLEASE REFER TO THE INGREDIENT LIST ON YOUR PRODUCT PACKAGE FOR THE MOST UP TO DATE LIST OF INGREDIENTS TO ENSURE IT IS SUITABLE TO YOUR PERSONAL USE.(FOR REFILLED PRODUCTS IN THE STORE, THE MOST UP TO DATE LIST OF INGREDIENTS SHOULD BE OBTAINED LOCALLY AFTER REFILL OF THE PRODUCT ON THE POINT OF SALE).",Cerave
Acne Foaming Cream Cleanser,https://www.cerave.com/skincare/cleansers/acne-benzoyl-peroxide-cleanser,"BENZOYL PEROXIDE 4%IN  WATER, GLYCERIN, PROPYLENE GLYCOL, COCAMIDOPROPYL HYDROXYSULTAINE, SODIUM C14-16 OLEFIN SULFONATE, XANTHAN GUM, POTASSIUM HYDROXIDE, CERAMIDE NP, CERAMIDE AP, CERAMIDE EOP, CARBOMER, NIACINAMIDE, GLYCOLIC ACID, SODIUM CHLORIDE, SODIUM CITRATE, SODIUM HYALURONATE, SODIUM LAUROYL LACTYLATE, SODIUM HYDROXIDE, CHOLESTEROL, PHENOXYETHANOL, PROPANEDIOL, CITRIC ACID, TETRASODIUM EDTA, DIETHYLHEXYL SODIUM SULFOSUCCINATE, PHYTOSPHINGOSINE, ETHYLHEXYLGLYCERIN, BENZOIC ACIDPLEASE BE AWARE THAT INGREDIENT LISTS FOR THE PRODUCTS OF OUR BRAND ARE UPDATED REGULARLY. PLEASE REFER TO THE INGREDIENT LIST ON YOUR PRODUCT PACKAGE FOR THE MOST UP TO DATE LIST OF INGREDIENTS TO ENSURE IT IS SUITABLE TO YOUR PERSONAL USE.(FOR REFILLED PRODUCTS IN THE STORE, THE MOST UP TO DATE LIST OF INGREDIENTS SHOULD BE OBTAINED LOCALLY AFTER REFILL OF THE PRODUCT ON THE POINT OF SALE).",Cerave
Makeup Removing Cleanser Balm,https://www.cerave.com/skincare/cleansers/makeup-removing-cleanser-balm,"2021613 14 -  ETHYLHEXYL PALMITATE, POLYETHYLENE, PEG-20 GLYCERYL TRIISOSTEARATE, AQUA/WATER/EAU, CERAMIDE NP, CERAMIDE AP, CERAMIDE EOP, CARBOMER, TRIETHYL CITRATE, SODIUM LAUROYL LACTYLATE, CHOLESTEROL, SIMMONDSIA CHINENSIS SEED OIL/ JOJOBA SEED OIL, PHENOXYETHANOL, TOCOPHEROL, CAPRYLYL GLYCOL, PHYTOSPHINGOSINE, XANTHAN GUM, POLYSORBATE 20, BENZOIC ACID, PEG-30 DIPOLYHYDROXYSTEARATE, PPG-26-BUTETH-26, PEG-40 HYDROGENATED CASTOR OIL (CODE F.I.L T292688/1)PLEASE BE AWARE THAT INGREDIENT LISTS FOR THE PRODUCTS OF OUR BRAND ARE UPDATED REGULARLY. PLEASE REFER TO THE INGREDIENT LIST ON YOUR PRODUCT PACKAGE FOR THE MOST UP-TO-DATE LIST OF INGREDIENTS TO ENSURE IT IS SUITABLE TO YOUR PERSONAL USE.",Cerave
Hydrating Cleanser Bar,https://www.cerave.com/skincare/cleansers/hydrating-cleanser-bar,"SODIUM COCOYL ISETHIONATE, STEARIC ACID, AQUA / WATER / EAU, SODIUM ISETHIONATE, CI 77891 / TITANIUM DIOXIDE, COCAMIDOPROPYL, HYDROXYSULTAINE, POTASSIUM PHOSPHATE, CERAMIDE NP, CERAMIDE AP, CERAMIDE EOP, CARBOMER, GLYCERIN, CETEARYL ALCOHOL, CETEARETH-20, DIMETHICONE, BEHENTRIMONIUM, METHOSULFATE, SODIUM CHLORIDE, SODIUM LAUROYL LACTYLATE, SODIUM HYALURONATE, CHOLESTEROL, PHENOXYETHANOL, DISODIUM EDTA, DIPOTASSIUM PHOSPHATE, TOCOPHEROL, CAPRYLIC/CAPRIC TRIGLYCERIDE, PETROLATUM, PHYTOSPHINGOSINE, XANTHAN GUM, ETHYLENE BRASSYLATE, CETYL ALCOHOL, ETHYLHEXYLGLYCERIN PLEASE BE AWARE THAT INGREDIENT LISTS FOR THE PRODUCTS OF OUR BRAND ARE UPDATED REGULARLY. PLEASE REFER TO THE INGREDIENT LIST ON YOUR PRODUCT PACKAGE FOR THE MOST UP TO DATE LIST OF INGREDIENTS TO ENSURE IT ISSUITABLE TO YOUR PERSONAL USE.(FOR REFILLED PRODUCTS IN THE STORE, THE MOST UP TO DATE LIST OF INGREDIENTS SHOULD BE OBTAINED LOCALLY AFTER REFILL OF THE PRODUCT ON THE POINT OF SALE).",Cerave
Foaming Cleanser Bar,https://www.cerave.com/skincare/cleansers/foaming-cleanser-bar,"SODIUM COCOYL ISETHIONATE, STEARIC ACID, AQUA / WATER / EAU, SODIUM ISETHIONATE, CI 77891 / TITANIUM DIOXIDE, KAOLIN, COCAMIDOPROPYL HYDROXYSULTAINE, POTASSIUM PHOSPHATE, CERAMIDE NP, CERAMIDE AP, CERAMIDE EOP, CARBOMER, GLYCERIN, NIACINAMIDE, ZINC PCA, CETEARYL ALCOHOL, DIMETHICONE, CETEARETH-20, BEHENTRIMONIUM METHOSULFATE, METHYLDIHYDROJASMONATE, SODIUM CHLORIDE, SODIUM LAUROYL LACTYLATE, SODIUM HYALURONATE, CHOLESTEROL, PHENOXYETHANOL, DISODIUM EDTA, DIPOTASSIUM PHOSPHATE, CAPRYLIC/CAPRIC TRIGLYCERIDE, CAPRYLYL GLYCOL, PHYTOSPHINGOSINE, XANTHAN GUM, POLYGLYCERYL-3 DIISOSTEARATE, ETHYLHEXYLGLYCERIN PLEASE BE AWARE THAT INGREDIENT LISTS FOR THE PRODUCTS OF OUR BRAND ARE UPDATED REGULARLY. PLEASE REFER TO THE INGREDIENT LIST ON YOUR PRODUCT PACKAGE FOR THE MOST UP TO DATE LIST OF INGREDIENTS TO ENSURE IT ISSUITABLE TO YOUR PERSONAL USE.(FOR REFILLED PRODUCTS IN THE STORE, THE MOST UP TO DATE LIST OF INGREDIENTS SHOULD BE OBTAINED LOCALLY AFTER REFILL OF THE PRODUCT ON THE POINT OF SALE).",Cerave
Hydrating Micellar Water,https://www.cerave.com/skincare/cleansers/hydrating-micellar-water,"AQUA/WATER/EAU, GLYCERIN, HEXYLENE GLYCOL, BHT, CERAMIDE NP, CERAMIDE AP, CERAMIDE EOP, CARBOMER, NIACINAMIDE, SODIUM, LAUROYL LACTYLATE, CHOLESTEROL, PHENOXYETHANOL, POLOXAMER 184, DISODIUM COCOAMPHODIACETATE, DISODIUM EDTA, PHYTOSPHINGOSINE, XANTHAN GUM, POLYAMINOPROPYL BIGUANIDE, ETHYLHEXYLGLYCERINPLEASE BE AWARE THAT INGREDIENT LISTS FOR THE PRODUCTS OF OUR BRAND ARE UPDATED REGULARLY. PLEASE REFER TO THE INGREDIENT LIST ON YOUR PRODUCT PACKAGE FOR THE MOST UP TO DATE LIST OF INGREDIENTS TO ENSURE IT IS SUITABLE TO YOUR PERSONAL USE.(FOR REFILLED PRODUCTS IN THE STORE, THE MOST UP TO DATE LIST OF INGREDIENTS SHOULD BE OBTAINED LOCALLY AFTER REFILL OF THE PRODUCT ON THE POINT OF SALE).",Cerave
Hydrating Makeup Removing Plant-Based Wipes,https://www.cerave.com/skincare/cleansers/hydrating-makeup-removing-plant-based-wipes,"913116 38 - AQUA / WATER / EAU, ISOHEXADECANE, ISOPROPYL MYRISTATE, GLYCERIN, PEG-7 GLYCERYL COCOATE, HEXYLENE GLYCOL, DICAPRYLYL ETHER, CERAMIDE NP, CERAMIDE AP, CERAMIDE EOP, CARBOMER, TRIETHYL CITRATE, SODIUM HYDROXIDE, SODIUM LAUROYL LACTYLATE, CHOLESTEROL, PIROCTONE OLAMINE, TOCOPHEROL, HYDROXYACETOPHENONE, CAPRYLYL GLYCOL, CITRIC ACID, TRISODIUM ETHYLENEDIAMINE DISUCCINATE, PHYTOSPHINGOSINE, XANTHAN GUM, ACRYLATES/C10-30 ALKYL ACRYLATE CROSSPOLYMER, BENZOIC ACIDPLEASE BE AWARE THAT INGREDIENT LISTS FOR THE PRODUCTS OF OUR BRAND ARE UPDATED REGULARLY. PLEASE REFER TO THE INGREDIENT LIST ON YOUR PRODUCT PACKAGE FOR THE MOST UP TO DATE LIST OF INGREDIENTS TO ENSURE IT IS SUITABLE TO YOUR PERSONAL USE.(FOR REFILLED PRODUCTS IN THE STORE, THE MOST UP TO DATE LIST OF INGREDIENTS SHOULD BE OBTAINED LOCALLY AFTER REFILL OF THE PRODUCT ON THE POINT OF SALE).",Cerave
Oil Control Moisturizing Gel-Cream,https://www.cerave.com/skincare/moisturizers/facial-moisturizers/oil-control-moisturizing-gel-cream,"AQUA / WATER / EAU, NIACINAMIDE, GLYCERIN, CETEARYL ISONONANOATE, C14-22 ALCOHOLS, ISOPROPYL MYRISTATE, ZEA MAYS STARCH / CORN STARCH, CERAMIDE NP, CERAMIDE AP, CERAMIDE EOP, CARBOMER, CETEARYL ALCOHOL, BEHENTRIMONIUM METHOSULFATE, TRIETHYL CITRATE, SILICA, SODIUM HYDROXIDE, SODIUM HYALURONATE, SODIUM LAUROYL LACTYLATE, CHOLESTEROL, PHENOXYETHANOL, CITRIC ACID, CAPRYLYL GLYCOL, TRISODIUM ETHYLENEDIAMINE DISUCCINATE, XANTHAN GUM, PHYTOSPHINGOSINE, POLYACRYLATE CROSSPOLYMER-6, BENZOIC ACID, C12-20 ALKYL GLUCOSIDE  PLEASE BE AWARE THAT INGREDIENT LISTS FOR THE PRODUCTS OF OUR BRAND ARE UPDATED REGULARLY. PLEASE REFER TO THE INGREDIENT LIST ON YOUR PRODUCT PACKAGE FOR THE MOST UP-TO-DATE LIST OF INGREDIENTS TO ENSURE IT IS SUITABLE FOR YOUR PERSONAL USE.",Cerave
AM Facial Moisturizing Lotion SPF 50,https://www.cerave.com/skincare/moisturizers/facial-moisturizers/am-facial-moisturizing-lotion-spf-50,"HOMOSALATE (8%), ZINC OXIDE (7%), OCTISALATE (5%), OCTOCRYLENE (5%)IN  WATER, GLYCERIN, DIMETHICONE, PROPANEDIOL, BUTYLOCTYL SALICYLATE, STEARETH-20, CELLULOSE, NIACINAMIDE, ETHYLHEXYL METHOXYCRYLENE, STEARETH-2, CERAMIDE NP, CERAMIDE AP, CERAMIDE EOP, SORBITAN ISOSTEARATE, CARBOMER, GLYCINE SOJA (SOYBEAN) OIL, TRIETHOXYCAPRYLYLSILANE, CETEARYL ALCOHOL, BEHENTRIMONIUM METHOSULFATE, TRIETHYL CITRATE, SODIUM HYALURONATE, SODIUM LAUROYL LACTYLATE, CHOLESTEROL, AMMONIUM POLYACRYLOYLDIMETHYL TAURATE, TOCOPHEROL, CHLORPHENESIN, HYDROXYACETOPHENONE, CAPRYLYL GLYCOL, HYDROXYETHYL ACRYLATE/SODIUM ACRYLOYLDIMETHYL TAURATE COPOLYMER, TRISODIUM ETHYLENEDIAMINE DISUCCINATE, PHYTOSPHINGOSINE, XANTHAN GUM, POLYHYDROXYSTEARIC ACID, POLYSORBATE 60, ORYZA SATIVA (RICE) BRAN WAX, BENZOIC ACID, C12-22 ALKYL ACRYLATE/HYDROXYETHYLACRYLATE COPOLYMERPLEASE BE AWARE THAT INGREDIENT LISTS FOR THE PRODUCTS OF OUR BRAND ARE UPDATED REGULARLY. PLEASE REFER TO THE INGREDIENT LIST ON YOUR PRODUCT PACKAGE FOR THE MOST UP-TO-DATE LIST OF INGREDIENTS TO ENSURE IT IS SUITABLE FOR YOUR PERSONAL USE.",Cerave
Ultra-Light Gel Moisturizer,https://www.cerave.com/skincare/moisturizers/facial-moisturizers/ultra-light-gel-moisturizer,"AQUA / WATER / EAU, GLYCERIN, NIACINAMIDE, PROPANEDIOL, DIMETHICONE, ISONONYL ISONONANOATE, CERAMIDE NP, CERAMIDE AP, CERAMIDE EOP, CARBOMER, DIMETHICONE CROSSPOLYMER, CETEARYL ALCOHOL, BEHENTRIMONIUM METHOSULFATE, TRIETHYL CITRATE, SILICA, SODIUM HYDROXIDE, SODIUM HYALURONATE, SODIUM LAUROYL LACTYLATE, CHOLESTEROL, PHENOXYETHANOL, TOCOPHEROL, CHLORPHENESIN, CAPRYLYL GLYCOL, TRISODIUM ETHYLENEDIAMINE DISUCCINATE, BIOSACCHARIDE GUM-1, XANTHAN GUM, PHYTOSPHINGOSINE, BENZOIC ACID (CODE F.I.L. T70024611/1)PLEASE BE AWARE THAT INGREDIENT LISTS FOR THE PRODUCTS OF OUR BRAND ARE UPDATED REGULARLY. PLEASE REFER TO THE INGREDIENT LIST ON YOUR PRODUCT PACKAGE FOR THE MOST UP-TO-DATE LIST OF INGREDIENTS TO ENSURE IT IS SUITABLE FOR YOUR PERSONAL USE.",Cerave
AM Facial Moisturizing Lotion SPF 30,https://www.cerave.com/skincare/moisturizers/am-facial-moisturizing-lotion-with-sunscreen,"HOMOSALATE (10%), MERADIMATE (5%), OCTINOXATE (5%), OCTOCRYLENE (2%), ZINC OXIDE  (8%)IN  WATER, NIACINAMIDE, CETEARYL ALCOHOL, GLYCERIN, PROPANEDIOL, DIMETHICONE, BEHENTRIMONIUM METHOSULFATE, BHT, CERAMIDE NP, CERAMIDE AP, CERAMIDE EOP, CARBOMER, TRIETHOXYCAPRYLYLSILANE, TRIETHYL CITRATE, SODIUM LAUROYL LACTYLATE, SODIUM HYALURONATE, CHOLESTEROL, ALUMINUM STARCH OCTENYLSUCCINATE, PHENOXYETHANOL, HYDROXYETHYLCELLULOSE, HYDROXYACETOPHENONE, CAPRYLYL GLYCOL, TRISODIUM ETHYLENEDIAMINE DISUCCINATE, PHYTOSPHINGOSINE, XANTHAN GUM, BENZOIC ACID PLEASE BE AWARE THAT INGREDIENT LISTS FOR THE PRODUCTS OF OUR BRAND ARE UPDATED REGULARLY. PLEASE REFER TO THE INGREDIENT LIST ON YOUR PRODUCT PACKAGE FOR THE MOST UP-TO-DATE LIST OF INGREDIENTS TO ENSURE IT IS SUITABLE FOR YOUR PERSONAL USE.",Cerave
PM Facial Lotion,https://www.cerave.com/skincare/moisturizers/pm-facial-moisturizing-lotion,"AQUA / WATER / EAU, GLYCERIN, CAPRYLIC/CAPRIC TRIGLYCERIDE, NIACINAMIDE, CETEARYL ALCOHOL, POTASSIUM PHOSPHATE, CERAMIDE NP, CERAMIDE AP, CERAMIDE EOP, CARBOMER, DIMETHICONE, CETEARETH-20, BEHENTRIMONIUM METHOSULFATE, SODIUM LAUROYL LACTYLATE, SODIUM HYALURONATE, CHOLESTEROL, PHENOXYETHANOL, DISODIUM EDTA, DIPOTASSIUM PHOSPHATE, CAPRYLYL GLYCOL, PHYTOSPHINGOSINE, XANTHAN GUM, POLYGLYCERYL-3 DIISOSTEARATE, ETHYLHEXYLGLYCERIN PLEASE BE AWARE THAT INGREDIENT LISTS FOR OUR CERAVE PRODUCTS ARE UPDATED REGULARLY. REFER TO THE INGREDIENT LIST ON YOUR PRODUCT PACKAGE FOR THE MOST UP TO DATE FORMULATION TO ENSURE IT IS SUITABLE FOR YOUR PERSONAL USE.",Cerave
Ultra-Light Moisturizing Lotion,https://www.cerave.com/skincare/moisturizers/ultra-light-moisturizing-lotion-spf-30,"AVOBENZONE 3%, HOMOSALATE 10%, OCTISALATE 5%, OCTOCRYLENE 2.7% IN  WATER, C12-15 ALKYL BENZOATE, GLYCERYL STEARATE SE, METHYL METHACRYLATE CROSSPOLYMER, GLYCERIN, PENTYLENE GLYCOL, CERAMIDE NP, CERMAIDE AP, CERAMIDE EOP, CARBOMER, SODIUM ACRYLOYLDIMETHYLTAURATE / VP CROSSPOLYMER, SODIUM LAUROYL LACTYLATE, SODIUM HYALURONATE, CHOLESTEROL, PHENOXYETHANOL, DISODIUM EDTA, HYDROXYACETOPHENONE, CITRIC ACID, PHYTOSPHINGOSINE, XANTHUM GUM, T-BUTYL ALCOHOL, ETHYLHEXYLGLYCERIN PLEASE BE AWARE THAT INGREDIENT LISTS FOR THE PRODUCTS OF OUR BRAND ARE UPDATED REGULARLY. PLEASE REFER TO THE INGREDIENT LIST ON YOUR PRODUCT PACKAGE FOR THE MOST UP TO DATE LIST OF INGREDIENTS TO ENSURE IT IS SUITABLE TO YOUR PERSONAL USE.   (FOR REFILLED PRODUCTS IN THE STORE, THE MOST UP TO DATE LIST OF INGREDIENTS SHOULD BE OBTAINED LOCALLY AFTER REFILL OF THE PRODUCT ON THE POINT OF SALE).",Cerave
Skin Renewing Night Cream,https://www.cerave.com/skincare/moisturizers/skin-renewing-night-cream,"AQUA / WATER / EAU, GLYCERIN, CAPRYLIC/CAPRIC TRIGLYCERIDE, BUTYROSPERMUM PARKII BUTTER / SHEA BUTTER, DIMETHICONE/VINYL DIMETHICONE CROSSPOLYMER, CYCLOPENTASILOXANE, GLYCERYL STEARATE SE, CETYL ALCOHOL, DIMETHICONE, SACCHARIDE ISOMERATE, STEARIC ACID, PALMITIC ACID, GLYCINE SOJA STEROLS / SOYBEAN STEROLS, ALLANTOIN, CERAMIDE NP, CERAMIDE AP, CERAMIDE EOP, CARBOMER, NIACINAMIDE, CETEARYL ALCOHOL, BEHENTRIMONIUM METHOSULFATE, SODIUM HYDROXIDE, MYRISTIC ACID, SODIUM LAUROYL LACTYLATE, SODIUM BENZOATE, SODIUM CITRATE, SODIUM HYALURONATE, CHOLESTEROL, PHENOXYETHANOL, TOCOPHEROL, TRIPEPTIDE-1, LAURETH-9, CITRIC ACID, CAPROOYL TETRAPEPTIDE-3, BIOSACCHARIDE GUM-1, PHYTOSPHINGOSINE, XANTHAN GUM, DEXTRAN, ETHYLHEXYLGLYCERIN, BUTYLENE GLYCOL PLEASE BE AWARE THAT INGREDIENT LISTS FOR THE PRODUCTS OF OUR BRAND ARE UPDATED REGULARLY. PLEASE REFER TO THE INGREDIENT LIST ON YOUR PRODUCT PACKAGE FOR THE MOST UP TO DATE LIST OF INGREDIENTS TO ENSURE IT IS SUITABLE TO YOUR PERSONAL USE.   (FOR REFILLED PRODUCTS IN THE STORE, THE MOST UP TO DATE LIST OF INGREDIENTS SHOULD BE OBTAINED LOCALLY AFTER REFILL OF THE PRODUCT ON THE POINT OF SALE).",Cerave
Skin Renewing Day Cream,https://www.cerave.com/skincare/moisturizers/skin-renewing-day-cream,"OCTINOXATE 7.5%, ZINC OXIDE 10.5%IN  WATER, CYCLOMETHICONE, PENTYLENE GLYCOL, PHENYL TRIMETHICONE, CETEARYL ALCOHOL, PEG-40 STEARATE, DIMETHICONE, GLYCERIN, STEARYL ALCOHOL, PHENOXYETHANOL, BHT, SQUALANE, POTASSIUM CETYL PHOSPHATE, POTASSIUM PHOSPHATE, CERAMIDE NP, CERAMIDE AP, CERAMIDE EOP, SORBITAN ISOSTEARATE, CARBOMER, DIMETHICONE CROSSPOLYMER, BEHENTRIMONIUM METHOSULFATE, CETEARETH-20, SODIUM POLYACRYLATE, LECITHIN, RETINOL, SODIUM LAUROYL LACTYLATE, CHOLESTEROL, DISODIUM EDTA, CHLORPHENESIN, ALCOHOL, HYDROXYETHYL ACRYLATE/SODIUM ACRYLOYLDIMETHYL TAURATE COPOLYMER, CITRIC ACID, HYDROGENATED PALM GLYCERIDES, TETRAHEXYLDECYL ASCORBATE, HYDROLYZED HYALURONIC ACID, IRIS FLORENTINA ROOT EXTRACT, XANTHAN GUM, PHYTOSPHINGOSINE, BUTYLENE GLYCOL, POLYSILICONE-11, POLYSORBATE 60, ETHYLHEXYLGLYCERIN, POLYSORBATE 20 PLEASE BE AWARE THAT INGREDIENT LISTS FOR THE PRODUCTS OF OUR BRAND ARE UPDATED REGULARLY. PLEASE REFER TO THE INGREDIENT LIST ON YOUR PRODUCT PACKAGE FOR THE MOST UP TO DATE LIST OF INGREDIENTS TO ENSURE IT IS SUITABLE TO YOUR PERSONAL USE.(FOR REFILLED PRODUCTS IN THE STORE, THE MOST UP TO DATE LIST OF INGREDIENTS SHOULD BE OBTAINED LOCALLY AFTER REFILL OF THE PRODUCT ON THE POINT OF SALE).",Cerave
Daily Moisturizing Lotion,https://www.cerave.com/skincare/moisturizers/daily-moisturizing-lotion,"AQUA / WATER / EAU, GLYCERIN, CAPRYLIC/CAPRIC TRIGLYCERIDE, CETEARYL ALCOHOL, CETYL ALCOHOL, POTASSIUM PHOSPHATE, CERAMIDE NP, CERAMIDE AP, CERAMIDE EOP, CARBOMER, DIMETHICONE, CETEARETH-20, BEHENTRIMONIUM METHOSULFATE, METHYLPARABEN, SODIUM LAUROYL LACTYLATE, CHOLESTEROL, DISODIUM EDTA, DIPOTASSIUM PHOSPHATE, PROPYLPARABEN, HYDROLYZED HYALURONIC ACID, PHYTOSPHINGOSINE, XANTHAN GUM, POLYSORBATE 20, POLYGLYCERYL-3 DIISOSTEARATEPLEASE BE AWARE THAT INGREDIENT LISTS FOR THE PRODUCTS OF OUR BRAND ARE UPDATED REGULARLY. PLEASE REFER TO THE INGREDIENT LIST ON YOUR PRODUCT PACKAGE FOR THE MOST UP-TO-DATE LIST OF INGREDIENTS TO ENSURE IT IS SUITABLE FOR YOUR PERSONAL USE.  (FOR REFILLED PRODUCTS IN THE STORE, THE MOST UP TO DATE LIST OF INGREDIENTS SHOULD BE OBTAINED LOCALLY AFTER REFILL OF THE PRODUCT ON THE POINT OF SALE).",Cerave
Moisturizing Cream,https://www.cerave.com/skincare/moisturizers/moisturizing-cream,"AQUA / WATER / EAU, GLYCERIN, CETEARYL ALCOHOL, CAPRYLIC/CAPRIC TRIGLYCERIDE, CETYL ALCOHOL, CETEARETH-20, PETROLATUM, POTASSIUM PHOSPHATE, CERAMIDE NP, CERAMIDE AP, CERAMIDE EOP, CARBOMER, DIMETHICONE, BEHENTRIMONIUM METHOSULFATE, SODIUM LAUROYL LACTYLATE, SODIUM HYALURONATE, CHOLESTEROL, PHENOXYETHANOL, DISODIUM EDTA, DIPOTASSIUM PHOSPHATE, TOCOPHEROL, PHYTOSPHINGOSINE, XANTHAN GUM, ETHYLHEXYLGLYCERINPLEASE BE AWARE THAT INGREDIENT LISTS FOR THE PRODUCTS OF OUR BRAND ARE UPDATED REGULARLY. PLEASE REFER TO THE INGREDIENT LIST ON YOUR PRODUCT PACKAGE FOR THE MOST UP-TO-DATE LIST OF INGREDIENTS TO ENSURE IT IS SUITABLE TO YOUR PERSONAL USE.",Cerave
Eye Repair Cream,https://www.cerave.com/skincare/moisturizers/eye-repair-cream,"AQUA / WATER / EAU, NIACINAMIDE, CETYL ALCOHOL, CAPRYLIC/CAPRIC TRIGLYCERIDE, GLYCERIN, PROPANEDIOL, ISONONYL ISONONANOATE, JOJOBA ESTERS, PEG-20 METHYL GLUCOSE SESQUISTEARATE, CETEARYL ALCOHOL, DIMETHICONE, METHYL GLUCOSE SESQUISTEARATE, ASPARAGOPSIS ARMATA EXTRACT, CERAMIDE NP, CERAMIDE AP, POTASSIUM SORBATE, CERAMIDE EOP, SORBITOL, CARBOMER, ZINC CITRATE, BEHENTRIMONIUM METHOSULFATE, TRIETHANOLAMINE, ALOE BARBADENSIS LEAF EXTRACT, SODIUM LAUROYL LACTYLATE, SODIUM HYDROXIDE, EQUISETUM ARVENSE EXTRACT, SODIUM HYALURONATE, CHOLESTEROL, PHENOXYETHANOL, PRUNUS AMYGDALUS DULCIS OIL / SWEET ALMOND OIL, TOCOPHEROL, ASCOPHYLLUM NODOSUM EXTRACT, LAURETH-4, HYDROGENATED VEGETABLE OIL, TETRASODIUM EDTA, MALTODEXTRIN, PHYTOSPHINGOSINE, XANTHAN GUM, BUTYLENE GLYCOL, ETHYLHEXYLGLYCERIN, CHRYSANTHELLUM INDICUM EXTRACT PLEASE BE AWARE THAT INGREDIENT LISTS FOR THE PRODUCTS OF OUR BRAND ARE UPDATED REGULARLY. PLEASE REFER TO THE INGREDIENT LIST ON YOUR PRODUCT PACKAGE FOR THE MOST UP TO DATE LIST OF INGREDIENTS TO ENSURE IT IS SUITABLE TO YOUR PERSONAL USE.",Cerave
Hydrating Hyaluronic Acid Serum,https://www.cerave.com/skincare/facial-serums/hydrating-hyaluronic-acid-serum,"AQUA / WATER, GLYCERIN, CETEARYL ETHYLHEXANOATE, DIMETHICONE, AMMONIUM POLYACRYLOYLDIMETHYL TAURATE, SODIUM HYALURONATE, PANTHENOL, CERAMIDE NP, CERAMIDE AP, CERAMIDE EOP, CARBOMER, CETEARYL ALCOHOL, BEHENTRIMONIUM METHOSULFATE, SODIUM HYDROXIDE, SODIUM LAUROYL LACTYLATE, CHOLESTEROL, PHENOXYETHANOL, DISODIUM EDTA, ISOPROPYL MYRISTATE, CAPRYLYL GLYCOL, CITRIC ACID, XANTHAN GUM, PHYTOSPHINGOSINE, ETHYLHEXYLGLYCERIN PLEASE BE AWARE THAT INGREDIENT LISTS FOR OUR CERAVE PRODUCTS ARE UPDATED REGULARLY. REFER TO THE INGREDIENT LIST ON YOUR PRODUCT PACKAGE FOR THE MOST UP-TO-DATE FORMULATION TO ENSURE IT IS SUITABLE FOR YOUR PERSONAL USE.(FOR PRODUCTS REFILLED IN-STORE, THE MOST UP-TO-DATE LIST OF INGREDIENTS SHOULD BE OBTAINED LOCALLY AFTER REFILL OF THE PRODUCT AT THE POINT OF SALE)",Cerave
Hydrating Foaming Oil Cleanser,https://www.cerave.com/skincare/cleansers/facial-cleansers/hydrating-foaming-oil-cleanser,"AQUA/WATER, GLYCERIN, PEG-200 HYDROGENATED GLYCERYL PALMATE, COCO-BETAINE, DISODIUM COCOYL GLUTAMATE, PEG-120 METHYL GLUCOSE DIOLEATE, POLYSORBATE 20, PEG-7 GLYCERYL COCOATE, SQUALANE, CERAMIDE NP, CERAMIDE AP, CERAMIDE EOP, CARBOMER, TRIETHYL CITRATE, SODIUM CHLORIDE, SODIUM HYDROXIDE, SODIUM COCOYL GLUTAMATE, SODIUM BENZOATE, SODIUM LAUROYL LACTYLATE, SODIUM HYALURONATE, CHOLESTEROL, CITRIC ACID, CAPRYLOYL GLYCINE, HYDROXYACETOPHENONE, CAPRYLYL GLYCOL, CAPRYLIC/ CAPRIC TRIGLYCERIDE, TRISODIUM ETHYLENEDIAMINE DISUCCINATE, PHYTOSPHINGOSINE, XANTHAN GUM, BENZOIC ACID, PEG-150 PENTAERYTHRITYL TETRASTEARATE, PPG-5-CETETH-20, PEG-6 CAPRYLIC/CAPRIC GLYCERIDE PLEASE BE AWARE THAT INGREDIENT LISTS FOR THE PRODUCTS OF OUR BRAND ARE UPDATED REGULARLY. PLEASE REFER TO THE INGREDIENT LIST ON YOUR PRODUCT PACKAGE FOR THE MOST UP-TO-DATE LIST OF INGREDIENTS TO ENSURE IT IS SUITABLE FOR YOUR PERSONAL USE.",Cerave
Acne Foaming Cream Wash ,https://www.cerave.com/skincare/cleansers/facial-cleansers/-acne-foaming-cream-wash-,"BENZOYL PEROXIDE 10%IN  WATER, GLYCERIN, PROPYLENE GLYCOL, COCAMIDOPROPYL HYDROXYSULTAINE, SODIUM C14-16 OLEFIN SULFONATE, POTASSIUM HYDROXIDE, CERAMIDE NP, CERAMIDE AP, CERAMIDE EOP, CARBOMER, NIACINAMIDE, GLYCOLIC ACID, TRIDECETH-6, TRIETHYL CITRATE, SODIUM CITRATE, SODIUM HYALURONATE, SODIUM HYDROXIDE, SODIUM LAUROYL LACTYLATE, CHOLESTEROL, PROPANEDIOL, TETRASODIUM EDTA, CAPRYLYL GLYCOL, DIETHYLHEXYL SODIUM SULFOSUCCINATE, PHYTOSPHINGOSINE, XANTHAN GUM, ACRYLATES/C10-30 ALKYL ACRYLATE CROSSPOLYMER, BENZOIC ACID, PEG-30 DIPOLYHYDROXYSTEARATEPLEASE BE AWARE THAT INGREDIENT LISTS FOR THE PRODUCTS OF OUR BRAND ARE UPDATED REGULARLY. PLEASE REFER TO THE INGREDIENT LIST ON YOUR PRODUCT PACKAGE FOR THE MOST UP-TO-DATE LIST OF INGREDIENTS TO ENSURE IT IS SUITABLE FOR YOUR PERSONAL USE.",Cerave
Hydrating Cleanser Bar,https://www.cerave.com/skincare/cleansers/hydrating-cleanser-bar,"SODIUM COCOYL ISETHIONATE, STEARIC ACID, AQUA / WATER / EAU, SODIUM ISETHIONATE, CI 77891 / TITANIUM DIOXIDE, COCAMIDOPROPYL, HYDROXYSULTAINE, POTASSIUM PHOSPHATE, CERAMIDE NP, CERAMIDE AP, CERAMIDE EOP, CARBOMER, GLYCERIN, CETEARYL ALCOHOL, CETEARETH-20, DIMETHICONE, BEHENTRIMONIUM, METHOSULFATE, SODIUM CHLORIDE, SODIUM LAUROYL LACTYLATE, SODIUM HYALURONATE, CHOLESTEROL, PHENOXYETHANOL, DISODIUM EDTA, DIPOTASSIUM PHOSPHATE, TOCOPHEROL, CAPRYLIC/CAPRIC TRIGLYCERIDE, PETROLATUM, PHYTOSPHINGOSINE, XANTHAN GUM, ETHYLENE BRASSYLATE, CETYL ALCOHOL, ETHYLHEXYLGLYCERIN PLEASE BE AWARE THAT INGREDIENT LISTS FOR THE PRODUCTS OF OUR BRAND ARE UPDATED REGULARLY. PLEASE REFER TO THE INGREDIENT LIST ON YOUR PRODUCT PACKAGE FOR THE MOST UP TO DATE LIST OF INGREDIENTS TO ENSURE IT ISSUITABLE TO YOUR PERSONAL USE.(FOR REFILLED PRODUCTS IN THE STORE, THE MOST UP TO DATE LIST OF INGREDIENTS SHOULD BE OBTAINED LOCALLY AFTER REFILL OF THE PRODUCT ON THE POINT OF SALE).",Cerave
SA Cleanser Bar for Rough & Bumpy Skin,https://www.cerave.com/skincare/cleansers/sa-cleanser-bar-for-rough-and-bumpy-skin,"SODIUM COCOYL ISETHIONATE, STEARIC ACID, AQUA / WATER / EAU, COCONUT ACID, SODIUM ISETHIONATE, CI 77891 / TITANIUM DIOXIDE, COCAMIDOPROPYL HYDROXYSULTAINE, POTASSIUM PHOSPHATE, CERAMIDE NP, CERAMIDE AP, CERAMIDE EOP, CARBOMER, GLYCERIN, CETEARYL ALCOHOL, CETEARETH-20, DIMETHICONE, BEHENTRIMONIUM METHOSULFATE, METHYLDIHYDROJASMONATE, SODIUM CHLORIDE, SALICYLIC ACID, SODIUM CARBONATE, SODIUM LAUROYL LACTYLATE, SODIUM HYALURONATE, CHOLESTEROL, PHENOXYETHANOL, JOJOBA ESTERS, DISODIUM EDTA, DIPOTASSIUM PHOSPHATE, TOCOPHEROL, CAPRYLIC/CAPRIC TRIGLYCERIDE, PETROLATUM, PHYTOSPHINGOSINE, XANTHAN GUM, CETYL ALCOHOL, ETHYLHEXYLGLYCERINPLEASE BE AWARE THAT INGREDIENT LISTS FOR THE PRODUCTS OF OUR BRAND ARE UPDATED REGULARLY. PLEASE REFER TO THE INGREDIENT LIST ON YOUR PRODUCT PACKAGE FOR THE MOST UP TO DATE LIST OF INGREDIENTS TO ENSURE IT IS SUITABLE TO YOUR PERSONAL USE.(FOR REFILLED PRODUCTS IN THE STORE, THE MOST UP TO DATE LIST OF INGREDIENTS SHOULD BE OBTAINED LOCALLY AFTER REFILL OF THE PRODUCT ON THE POINT OF SALE).",Cerave
Foaming Cleanser Bar,https://www.cerave.com/skincare/cleansers/foaming-cleanser-bar,"SODIUM COCOYL ISETHIONATE, STEARIC ACID, AQUA / WATER / EAU, SODIUM ISETHIONATE, CI 77891 / TITANIUM DIOXIDE, KAOLIN, COCAMIDOPROPYL HYDROXYSULTAINE, POTASSIUM PHOSPHATE, CERAMIDE NP, CERAMIDE AP, CERAMIDE EOP, CARBOMER, GLYCERIN, NIACINAMIDE, ZINC PCA, CETEARYL ALCOHOL, DIMETHICONE, CETEARETH-20, BEHENTRIMONIUM METHOSULFATE, METHYLDIHYDROJASMONATE, SODIUM CHLORIDE, SODIUM LAUROYL LACTYLATE, SODIUM HYALURONATE, CHOLESTEROL, PHENOXYETHANOL, DISODIUM EDTA, DIPOTASSIUM PHOSPHATE, CAPRYLIC/CAPRIC TRIGLYCERIDE, CAPRYLYL GLYCOL, PHYTOSPHINGOSINE, XANTHAN GUM, POLYGLYCERYL-3 DIISOSTEARATE, ETHYLHEXYLGLYCERIN PLEASE BE AWARE THAT INGREDIENT LISTS FOR THE PRODUCTS OF OUR BRAND ARE UPDATED REGULARLY. PLEASE REFER TO THE INGREDIENT LIST ON YOUR PRODUCT PACKAGE FOR THE MOST UP TO DATE LIST OF INGREDIENTS TO ENSURE IT ISSUITABLE TO YOUR PERSONAL USE.(FOR REFILLED PRODUCTS IN THE STORE, THE MOST UP TO DATE LIST OF INGREDIENTS SHOULD BE OBTAINED LOCALLY AFTER REFILL OF THE PRODUCT ON THE POINT OF SALE).",Cerave
SA Body Wash for Rough & Bumpy Skin,https://www.cerave.com/skincare/cleansers/sa-body-wash-for-rough-and-bumpy-skin,"AQUA / WATER / EAU, COCAMIDOPROPYL HYDROXYSULTAINE, GLYCERIN, SODIUM LAUROYL SARCOSINATE, NIACINAMIDE, GLUCONOLACTONE, PEG-150 PENTAERYTHRITYL TETRASTEARATE, SODIUM METHYL COCOYL TAURATE, ZEA MAYS OIL / CORN OIL, CERAMIDE NP, CERAMIDE AP, CERAMIDE EOP, CARBOMER, CALCIUM GLUCONATE, SODIUM CHLORIDE, SALICYLIC ACID, SODIUM BENZOATE, SODIUM LAUROYL LACTYLATE, CHOLECALCIFEROL, CHOLESTEROL, PHENOXYETHANOL, DISODIUM EDTA, TETRASODIUM EDTA, HYDROLYZED HYALURONIC ACID, PHYTOSPHINGOSINE, XANTHAN GUM, ETHYLHEXYLGLYCERINPLEASE BE AWARE THAT INGREDIENT LISTS FOR THE PRODUCTS OF OUR BRAND ARE UPDATED REGULARLY. PLEASE REFER TO THE INGREDIENT LIST ON YOUR PRODUCT PACKAGE FOR THE MOST UP TO DATE LIST OF INGREDIENTS TO ENSURE IT ISSUITABLE TO YOUR PERSONAL USE.(FOR REFILLED PRODUCTS IN THE STORE, THE MOST UP TO DATE LIST OF INGREDIENTS SHOULD BE OBTAINED LOCALLY AFTER REFILL OF THE PRODUCT ON THE POINT OF SALE).",Cerave
Soothing Body Wash,https://www.cerave.com/skincare/cleansers/soothing-body-wash,"GLYCINE SOJA OIL / SOYBEAN OIL, RICINUS COMMUNIS SEED OIL / CASTOR SEED OIL, LAURETH-4, SILICA DIMETHYL SILYLATE, LAURETH-7 CITRATE, AQUA / WATER / EAU, UREA, CERAMIDE NP, CERAMIDE AP, CERAMIDE EOP, CARBOMER, SODIUM PCA, SODIUM LAUROYL LACTYLATE, SODIUM HYALURONATE, CHOLESTEROL, PHENOXYETHANOL, TOCOPHERYL ACETATE, TOCOPHEROL, CITRIC ACID, HYDROGENATED PALM GLYCERIDES CITRATE, HYDROGENATED CASTOR OIL, PHYTOSPHINGOSINE, XANTHAN GUM, ETHYLHEXYLGLYCERIN PLEASE BE AWARE THAT INGREDIENT LISTS FOR THE PRODUCTS OF OUR BRAND ARE UPDATED REGULARLY. PLEASE REFER TO THE INGREDIENT LIST ON YOUR PRODUCT PACKAGE FOR THE MOST UP TO DATE LIST OF INGREDIENTS TO ENSURE IT IS SUITABLE TO YOUR PERSONAL USE.(FOR REFILLED PRODUCTS IN THE STORE, THE MOST UP TO DATE LIST OF INGREDIENTS SHOULD BE OBTAINED LOCALLY AFTER REFILL OF THE PRODUCT ON THE POINT OF SALE).",Cerave
Psoriasis Cleanser,https://www.cerave.com/skincare/cleansers/psoriasis-cleanser,"SALICYLIC ACID 2%IN  WATER, GLYCERIN, CAPRYL/CAPRAMIDOPROPYL BETAINE, UREA, SODIUM C14-16 OLEFIN SULFONATE, SHEA BUTTERAMIDOPROPYL BETAINE, PEG-150 PENTAERYTHRITYL TETRASTEARATE, LAURETH-9, SODIUM LACTATE, NIACINAMIDE, ETHOXYDIGLYCOL, SODIUM CHLORIDE, GLUCONOLACTONE, C12-13 ALKYL LACTATE, CERAMIDE NP, CERAMIDE AP, CERAMIDE EOP, CARBOMER, SACCHARIDE ISOMERATE, GLYCOLIC ACID, CALCIUM GLUCONATE, SODIUM BENZOATE, SODIUM CITRATE, SODIUM LAUROYL LACTYLATE, CHOLESTEROL, PHENOXYETHANOL, DISODIUM EDTA, TETRASODIUM EDTA, CITRIC ACID, HYDROLYZED HYALURONIC ACID, LACTIC ACID, PHYTOSPHINGOSINE, XANTHAN GUM, HEXYLENE GLYCOL, ETHYLHEXYLGLYCERIN, BENZOIC ACID PLEASE BE AWARE THAT INGREDIENT LISTS FOR THE PRODUCTS OF OUR BRAND ARE UPDATED REGULARLY. PLEASE REFER TO THE INGREDIENT LIST ON YOUR PRODUCT PACKAGE FOR THE MOST UP TO DATE LIST OF INGREDIENTS TO ENSURE IT IS SUITABLE TO YOUR PERSONAL USE. (FOR REFILLED PRODUCTS IN THE STORE, THE MOST UP TO DATE LIST OF INGREDIENTS SHOULD BE OBTAINED LOCALLY AFTER REFILL OF THE PRODUCT ON THE POINT OF SALE).",Cerave
Diabetic Cleansing Wash,https://www.cerave.com/skincare/diabetic-skin/diabetics-dry-skin-relief-cleansing-wash,"AQUA/WATER/EAU, GLYCERIN, SODIUM METHYL COCOYL TAURATE, COCO-BETAINE, SODIUM COCOYL ISETHIONATE, SODIUM CHLORIDE, ACER SACCHARUM EXTRACT/SUGAR MAPLE EXTRACT, ACRYLATES/C10-30 ALKYL ACRYLATE CROSSPOLYMER, CAPRYLYL GLYCOL, CARBOMER, CERAMIDE AP, CERAMIDE EOP, CERAMIDE NP, CHLORPHENESIN, CHOLESTEROL, CITRUS AURANTIUM DULCIS FRUIT EXTRACT/ORANGE FRUIT EXTRACT, CITRUS LIMON FRUIT EXTRACT/ LEMON FRUIT EXTRACT, COCONUT ACID, DISODIUM EDTA, ETHYLHEXYLGLYCERIN, GLYCERYL STEARATE, HYDROGENATED COCONUT ACID, HYDROXYETHYL UREA, PEG-100 STEARATE, PEG-150 PENTAERYTHRITYL TETRASTEARATE, PEG-30 DIPOLYHYDROXYSTEARATE, PEG-6 CAPRYLIC/CAPRIC GLYCERIDES, PHENOXYETHANOL, PHYTOSPHINGOSINE, POLYQUATERNIUM-53, PPG-5-CETETH-20, SACCHARUM OFFICINARUM EXTRACT/SUGARCANE EXTRACT/EXTRAIT DE CANNE A SUCRE, SALICYLIC ACID, SODIUM HYDROXIDE, SODIUM ISETHIONATE, SODIUM LAUROYL LACTYLATE, TRIDECETH-6, VACCINIUM MYRTILLUS FRUIT EXTRACT, XANTHAN GUM  PLEASE BE AWARE THAT INGREDIENT LISTS FOR THE PRODUCTS OF OUR BRAND ARE UPDATED REGULARLY. PLEASE REFER TO THE INGREDIENT LIST ON YOUR PRODUCT PACKAGE FOR THE MOST UP TO DATE LIST OF INGREDIENTS TO ENSURE IT IS SUITABLE TO YOUR PERSONAL USE.(FOR REFILLED PRODUCTS IN THE STORE, THE MOST UP TO DATE LIST OF INGREDIENTS SHOULD BE OBTAINED LOCALLY AFTER REFILL OF THE PRODUCT ON THE POINT OF SALE). 1FOR MORE INFORMATION ON THE SKIN COMPLICATIONS OFTEN ASSOCIATED WITH DIABETES VISIT HTTPS://WWW.DIABETES.ORG/DIABETES/COMPLICATIONS/SKIN-COMPLICATIONS. IN ADDITION, ALWAYS SPEAK WITH YOUR DOCTOR ABOUT ANY SYMPTOMS OR CONCERNS.",Cerave
Hydrating Body Wash,https://www.cerave.com/skincare/cleansers/hydrating-body-wash,"WATER, COCAMIDOPROPYL BETAINE, WHITE PETROLATUM, LAURIC ACID, SODIUM COCOYL GLYCINATE, GLYCERIN, GLYCINE SOJA (SOYBEAN) OIL, UREA, STEARIC ACID, SODIUM COCOYL ISETHIONATE, SODIUM HYDROXYPROPYL STARCH PHOSPHATE, SODIUM LAUROAMPHOACETATE, SODIUM METHYL COCOYL TAURATE, SODIUM CHLORIDE, CERAMIDE 3, CERAMIDE 6-II, CERAMIDE 1, HYALURONIC ACID, PHENOXYETHANOL, GUAR HYDROXYPROPYLTRIMONIUM CHLORIDE, SODIUM HYDROXIDE, SODIUM PCA, OPHIOPOGON JAPONICUS ROOT EXTRACT, TETRASODIUM EDTA, ETHYLHEXYLGLYCERIN, SODIUM LAUROYL LACTYLATE, PHYTOSPHINGOSINE, CHOLESTEROL, CARBOMER, XANTHAN GUM PLEASE BE AWARE THAT INGREDIENT LISTS FOR THE PRODUCTS OF OUR BRAND ARE UPDATED REGULARLY. PLEASE REFER TO THE INGREDIENT LIST ON YOUR PRODUCT PACKAGE FOR THE MOST UP TO DATE LIST OF INGREDIENTS TO ENSURE IT ISSUITABLE TO YOUR PERSONAL USE.(FOR REFILLED PRODUCTS IN THE STORE, THE MOST UP TO DATE LIST OF INGREDIENTS SHOULD BE OBTAINED LOCALLY AFTER REFILL OF THE PRODUCT ON THE POINT OF SALE).",Cerave
Intensive Moisturizing Lotion,https://www.cerave.com/skincare/moisturizers/intensive-moisturizing-lotion,"AQUA / WATER / EAU, GLYCERIN, BUTYROSPERMUM PARKII BUTTER / SHEA BUTTER, HYDROXYETHYL UREA, ISOPROPYL PALMITATE, PROPANEDIOL, CETEARYL ALCOHOL, OCTYLDODECANOL, C15-19 ALKANE, GLYCINE, STEARIC ACID, CERAMIDE NP, CERAMIDE AP, CERAMIDE EOP, SORBITAN TRISTEARATE, SORBITAN OLEATE, CARBOMER, GLYCERYL STEARATE, DIMETHICONE, BEHENTRIMONIUM METHOSULFATE, TRIETHYL CITRATE, ISOHEXADECANE, SODIUM PCA, SERINE, SODIUM LAUROYL LACTYLATE, SODIUM HYDROXIDE, MYRISTIC ACID, SODIUM HYALURONATE, CHOLESTEROL, PALMITIC ACID, ALANINE, TOCOPHEROL, HYDROXYACETOPHENONE, CAPRYLYL GLYCOL, HYDROXYETHYLPIPERAZINE ETHANE SULFONIC ACID, TRISODIUM ETHYLENEDIAMINE DISUCCINATE, XANTHAN GUM, PENTAERYTHRITYL TETRA-DI-T-BUTYL HYDROXYHYDROCINNAMATE, PHYTOSPHINGOSINE, ACRYLAMIDE/SODIUM ACRYLOYLDIMETHYLTAURATE COPOLYMER, ACRYLATES/C10-30 ALKYL ACRYLATE CROSSPOLYMER, POLYSORBATE 80, BENZOIC ACID, PEG-100 STEARATE, PEG-20 METHYL GLUCOSE SESQUISTEARATE PLEASE BE AWARE THAT INGREDIENT LISTS FOR THE PRODUCTS OF OUR BRAND ARE UPDATED REGULARLY. PLEASE REFER TO THE INGREDIENT LIST ON YOUR PRODUCT PACKAGE FOR THE MOST UP-TO-DATE LIST OF INGREDIENTS TO ENSURE IT IS SUITABLE FOR YOUR PERSONAL USE.",Cerave
Moisturizing Cream,https://www.cerave.com/skincare/moisturizers/moisturizing-cream,"AQUA / WATER / EAU, GLYCERIN, CETEARYL ALCOHOL, CAPRYLIC/CAPRIC TRIGLYCERIDE, CETYL ALCOHOL, CETEARETH-20, PETROLATUM, POTASSIUM PHOSPHATE, CERAMIDE NP, CERAMIDE AP, CERAMIDE EOP, CARBOMER, DIMETHICONE, BEHENTRIMONIUM METHOSULFATE, SODIUM LAUROYL LACTYLATE, SODIUM HYALURONATE, CHOLESTEROL, PHENOXYETHANOL, DISODIUM EDTA, DIPOTASSIUM PHOSPHATE, TOCOPHEROL, PHYTOSPHINGOSINE, XANTHAN GUM, ETHYLHEXYLGLYCERINPLEASE BE AWARE THAT INGREDIENT LISTS FOR THE PRODUCTS OF OUR BRAND ARE UPDATED REGULARLY. PLEASE REFER TO THE INGREDIENT LIST ON YOUR PRODUCT PACKAGE FOR THE MOST UP-TO-DATE LIST OF INGREDIENTS TO ENSURE IT IS SUITABLE TO YOUR PERSONAL USE.",Cerave
Daily Moisturizing Lotion,https://www.cerave.com/skincare/moisturizers/daily-moisturizing-lotion,"AQUA / WATER / EAU, GLYCERIN, CAPRYLIC/CAPRIC TRIGLYCERIDE, CETEARYL ALCOHOL, CETYL ALCOHOL, POTASSIUM PHOSPHATE, CERAMIDE NP, CERAMIDE AP, CERAMIDE EOP, CARBOMER, DIMETHICONE, CETEARETH-20, BEHENTRIMONIUM METHOSULFATE, METHYLPARABEN, SODIUM LAUROYL LACTYLATE, CHOLESTEROL, DISODIUM EDTA, DIPOTASSIUM PHOSPHATE, PROPYLPARABEN, HYDROLYZED HYALURONIC ACID, PHYTOSPHINGOSINE, XANTHAN GUM, POLYSORBATE 20, POLYGLYCERYL-3 DIISOSTEARATEPLEASE BE AWARE THAT INGREDIENT LISTS FOR THE PRODUCTS OF OUR BRAND ARE UPDATED REGULARLY. PLEASE REFER TO THE INGREDIENT LIST ON YOUR PRODUCT PACKAGE FOR THE MOST UP-TO-DATE LIST OF INGREDIENTS TO ENSURE IT IS SUITABLE FOR YOUR PERSONAL USE.  (FOR REFILLED PRODUCTS IN THE STORE, THE MOST UP TO DATE LIST OF INGREDIENTS SHOULD BE OBTAINED LOCALLY AFTER REFILL OF THE PRODUCT ON THE POINT OF SALE).",Cerave
SA Cream for Rough & Bumpy Skin,https://www.cerave.com/skincare/moisturizers/sa-cream-for-rough-and-bumpy-skin,"AQUA/WATER/EAU, GLYCERIN, PARAFFINUM LIQUIDUM/MINERAL OIL/HUILE MINERALE, GLYCERYL STEARATE, CETEARYL ALCOHOL, TRIETHANOLAMINE, SALICYLIC ACID, NIACINAMIDE, CETYL ALCOHOL, AMMONIUM LACTATE, BEHENTRIMONIUM METHOSULFATE, PEG-100 STEARATE, ZEA MAYS OIL/CORN OIL, CERAMIDE NP, CERAMIDE AP, CERAMIDE EOP, CARBOMER, DIMETHICONE, METHYLPARABEN, SODIUM LAUROYL LACTYLATE, CHOLECALCIFEROL, CHOLESTEROL, PHENOXYETHANOL, DISODIUM EDTA, TOCOPHEROL, PROPYLPARABEN, HYDROLYZED HYALURONIC ACID, PHYTOSPHINGOSINE, XANTHAN GUM PLEASE BE AWARE THAT INGREDIENT LISTS FOR OUR CERAVE PRODUCTS ARE UPDATED REGULARLY. REFER TO THE INGREDIENT LIST ON YOUR PRODUCT PACKAGE FOR THE MOST UP TO DATE FORMULATION TO ENSURE IT IS SUITABLE FOR YOUR PERSONAL USE.",Cerave
SA Lotion for Rough & Bumpy Skin,https://www.cerave.com/skincare/moisturizers/sa-lotion-for-rough-and-bumpy-skin,"AQUA / WATER / EAU, GLYCERIN, PARAFFINUM LIQUIDUM / MINERAL OIL / HUILE MINERALE, TRIETHANOLAMINE, SALICYLIC ACID, GLYCERYL STEARATE, AMMONIUM LACTATE, PEG-100 STEARATE, CETEARYL ALCOHOL, CETYL ALCOHOL, ZEA MAYS OIL / CORN OIL, CERAMIDE NP, CERAMIDE AP, CERAMIDE EOP, CARBOMER, BEHENTRIMONIUM METHOSULFATE, DIMETHICONE, METHYLPARABEN, SODIUM LAUROYL LACTYLATE, CHOLECALCIFEROL, CHOLESTEROL, DISODIUM EDTA, PROPYLPARABEN, HYDROLYZED HYALURONIC ACID, PHYTOSPHINGOSINE, XANTHAN GUM PLEASE BE AWARE THAT INGREDIENT LISTS FOR THE PRODUCTS OF OUR BRAND ARE UPDATED REGULARLY. PLEASE REFER TO THE INGREDIENT LIST ON YOUR PRODUCT PACKAGE FOR THE MOST UP TO DATE LIST OF INGREDIENTS TO ENSURE IT IS SUITABLE TO YOUR PERSONAL USE. (FOR REFILLED PRODUCTS IN THE STORE, THE MOST UP TO DATE LIST OF INGREDIENTS SHOULD BE OBTAINED LOCALLY AFTER REFILL OF THE PRODUCT ON THE POINT OF SALE).",Cerave
Healing Ointment,https://www.cerave.com/skincare/moisturizers/healing-ointment,"PETROLATUM 46.5%IN MINERAL OIL, PARAFFIN, OZOKERITE, DIMETHICONE, CERAMIDE NP, CERAMIDE AP, CERAMIDE EOP, CARBOMER, WATER, SODIUM LAUROYL LACTYLATE, PROLINE, CHOLESTEROL, PHENOXYETHANOL, TOCOPHERYL ACETATE, TOCOPHEROL, HYDROLYZED HYALURONIC ACID, PANTHENOL, PANTOLACTONE, PHYTOSPHINGOSINE, XANTHAN GUM, ETHYLHEXYLGLYCERIN PLEASE BE AWARE THAT INGREDIENT LISTS FOR THE PRODUCTS OF OUR BRAND ARE UPDATED REGULARLY. PLEASE REFER TO THE INGREDIENT LIST ON YOUR PRODUCT PACKAGE FOR THE MOST UP TO DATE LIST OF INGREDIENTS TO ENSURE IT IS SUITABLE FOR YOUR PERSONAL USE.",Cerave
Itch Relief Cream,https://www.cerave.com/skincare/moisturizers/itch-relief-moisturizing-cream,"PRAMOXINE HYDROCHLORIDE 1%IN  WATER, GLYCERIN, PETROLATUM, CETYL ALCOHOL, BUTYROSPERMUM PARKII BUTTER / SHEA BUTTER, CETEARYL ALCOHOL, PEG-100 STEARATE, GLYCERYL STEARATE, ISOPROPYL MYRISTATE, STEARIC ACID, DIMETHICONE, PALMITIC ACID, POTASSIUM PHOSPHATE, CERAMIDE NP, CERAMIDE AP, CERAMIDE EOP, CARBOMER, BEHENTRIMONIUM METHOSULFATE, SODIUM HYDROXIDE, MYRISTIC ACID, SODIUM LAUROYL LACTYLATE, CHOLESTEROL, TASMANNIA LANCEOLATA FRUIT EXTRACT, PHENOXYETHANOL, DIPOTASSIUM PHOSPHATE, DISODIUM EDTA, ALCOHOL DENAT., HYDROLYZED HYALURONIC ACID, CITRIC ACID, XANTHAN GUM, PHYTOSPHINGOSINE, ETHYLHEXYLGLYCERIN PLEASE BE AWARE THAT INGREDIENT LISTS FOR THE PRODUCTS OF OUR BRAND ARE UPDATED REGULARLY. PLEASE REFER TO THE INGREDIENT LIST ON YOUR PRODUCT PACKAGE FOR THE MOST UP TO DATE LIST OF INGREDIENTS TO ENSURE IT IS SUITABLE TO YOUR PERSONAL USE. (FOR REFILLED PRODUCTS IN THE STORE, THE MOST UP TO DATE LIST OF INGREDIENTS SHOULD BE OBTAINED LOCALLY AFTER REFILL OF THE PRODUCT ON THE POINT OF SALE).",Cerave
Itch Relief Moisturizing Lotion,https://www.cerave.com/skincare/moisturizers/itch-relief-moisturizing-lotion,"PRAMOXINE HYDROCHLORIDE 1%IN  WATER, ISOPROPYL MYRISTATE, PEG-100 STEARATE, GLYCERYL STEARATE, CETEARYL ALCOHOL, CETYL ALCOHOL, GLYCERIN, NIACINAMIDE, DIMETHICONE, STEARIC ACID, ALLANTOIN, POTASSIUM PHOSPHATE, CERAMIDE NP, CERAMIDE AP, CERAMIDE EOP, CARBOMER, ZINC CITRATE, BEHENTRIMONIUM METHOSULFATE, SODIUM HYDROXIDE, SODIUM LAUROYL LACTYLATE, ARGININE PCA, MYRISTIC ACID, SODIUM PCA, CHOLESTEROL, PALMITIC ACID, TASMANNIA LANCEOLATA FRUIT EXTRACT, PHENOXYETHANOL, DIPOTASSIUM PHOSPHATE, DISODIUM EDTA, ALCOHOL DENAT., TOCOPHERYL ACETATE, HYDROLYZED HYALURONIC ACID, XANTHAN GUM, PHYTOSPHINGOSINE, POLYGLYCERYL-3 DIISOSTEARATE, ETHYLHEXYLGLYCERIN PLEASE BE AWARE THAT INGREDIENT LISTS FOR THE PRODUCTS OF OUR BRAND ARE UPDATED REGULARLY. PLEASE REFER TO THE INGREDIENT LIST ON YOUR PRODUCT PACKAGE FOR THE MOST UP TO DATE LIST OF INGREDIENTS TO ENSURE IT IS SUITABLE TO YOUR PERSONAL USE. (FOR REFILLED PRODUCTS IN THE STORE, THE MOST UP TO DATE LIST OF INGREDIENTS SHOULD BE OBTAINED LOCALLY AFTER REFILL OF THE PRODUCT ON THE POINT OF SALE).",Cerave
Eczema Creamy Oil,https://www.cerave.com/skincare/moisturizers/eczema-creamy-oil,"INGREDIENTS COLLOIDAL OATMEAL 1%WATER, CETEARYL ALCOHOL, GLYCERIN, CETYL ALCOHOL, CETEARETH-20, OLEA EUROPAEA (OLIVE) FRUIT OIL, ISONONYL ISONONANOATE, CARTHAMUS TINCTORIUS (SAFFLOWER) SEED OIL, PEG-100 STEARATE, POTASSIUM PHOSPHATE, ALLANTOIN, CERAMIDE NP, CERAMIDE AP, CERAMIDE EOP, CARBOMER, NIACINAMIDE, GLYCERYL STEARATE, GLYCINE SOJA (SOYBEAN) OIL, BEHENTRIMONIUM METHOSULFATE, VITIS VINIFERA (GRAPE) SEED OIL, SODIUM PCA, OPHIOPOGON JAPONICUS ROOT EXTRACT, SODIUM LAUROYL LACTYLATE, HELIANTHUS ANNUUS (SUN_OWER) SEED OIL, CHOLESTEROL, ROSMARINUS OF_CINALIS (ROSEMARY) EXTRACT, ROSMARINUS OF_CINALIS (ROSEMARY) LEAF EXTRACT, PHENOXYETHANOL, CHLORPHENESIN, DIPOTASSIUM PHOSPHATE, TOCOPHEROL, PROPYLHEPTYL CAPRYLATE, HYDROXYACETOPHENONE, HYDROLYZED HYALURONIC ACID, PERSEA GRATISSIMA (AVOCADO) OIL, XANTHAN GUM, PHYTOSPHINGOSINE, ETHYLHEXYLGLYCERINPLEASE BE AWARE THAT INGREDIENT LISTS FOR OUR CERAVE PRODUCTS ARE UPDATED REGULARLY. REFER TO THE INGREDIENT LIST ON YOUR PRODUCT PACKAGE FOR THE MOST UP-TO-DATE FORMULATION TO ENSURE IT IS SUITABLE FOR YOUR PERSONAL USE.(FOR PRODUCTS REFILLED IN-STORE, THE MOST UP-TO-DATE LIST OF INGREDIENTS SHOULD BE OBTAINED LOCALLY AFTER REFILL OF THE PRODUCT AT THE POINT OF SALE).",Cerave
Psoriasis Moisturizing Cream,https://www.cerave.com/skincare/moisturizers/psoriasis-moisturizing-cream,"SALICYLIC ACID 2%IN  WATER, UREA, GLYCERYL STEARATE SE, CETEARYL ALCOHOL, BUTYROSPERMUM PARKII (SHEA) BUTTER, GLYCERIN, NIACINAMIDE, CETYL ALCOHOL, PEG-100 STEARATE, LIMNANTHES ALBA (MEADOWFOAM) SEED OIL, LAURETH-9, GOSSYPIUM HERBACEUM (COTTON) SEED OIL, BEHENTRIMONIUM METHOSULFATE, C12-13 ALKYL LACTATE, 1, 2-HEXANEDIOL, DIMETHICONE, CERAMIDE NP, CERAMIDE AP, CERAMIDE EOP, CARBOMER, GLYCERYL STEARATE, SODIUM HYDROXIDE, SODIUM LAUROYL LACTYLATE, CHOLESTEROL, TASMANNIA LANCEOLATA FRUIT/LEAF EXTRACT, PHENOXYETHANOL, DISODIUM EDTA, TOCOPHEROL, HYDROXYACETOPHENONE, HYDROGENATED OLIVE OIL, HYDROLYZED HYALURONIC ACID, CITRIC ACID, PHYTOSPHINGOSINE, XANTHAN GUM, ETHYLHEXYLGLYCERIN PLEASE BE AWARE THAT INGREDIENT LISTS FOR OUR CERAVE PRODUCTS ARE UPDATED REGULARLY. REFER TO THE INGREDIENT LIST ON YOUR PRODUCT PACKAGE FOR THE MOST UP TO DATE FORMULATION TO ENSURE IT IS SUITABLE FOR YOUR PERSONAL USE.",Cerave
Diabetics Dry Skin Relief Moisturizing Cream,https://www.cerave.com/skincare/diabetic-skin/diabetics-dry-skin-relief-moisturizing-cream,"AQUA/WATER/EAU, GLYCERIN, CETEARYL ALCOHOL, ISOPROPYL PALMITATE, GLYCERYL STEARATE, DIMETHICONE, HYDROXYETHYL UREA, MYRISTYL MYRISTATE, BEHENTRIMONIUM METHOSULFATE, PEG-100 STEARATE, CERAMIDE NP, CERAMIDE AP, CERAMIDE EOP, CARBOMER, VACCINIUM MYRTILLUS FRUIT EXTRACT, SACCHARUM OFFICINARUM EXTRACT/SUGARCANE EXTRACT/EXTRAIT DE CANNE A SUCRE, SODIUM POLYACRYLATE, SODIUM HYDROXIDE, SODIUM LAUROYL LACTYLATE, BIFIDA FERMENT LYSATE, SODIUM BENZOATE, CHOLESTEROL, PHENOXYETHANOL, CAPRYLYL GLYCOL, CITRUS AURANTIUM DULCIS FRUIT EXTRACT/ORANGE FRUIT EXTRACT, CITRUS LIMON FRUIT EXTRACT/LEMON FRUIT EXTRACT, ACER SACCHARUM XANTHAN GUM, BUTYROSPERMUM PARKII BUTTER/SHEA BUTTER, ETHYLHEXYLGLYCERIN  PLEASE BE AWARE THAT INGREDIENT LISTS FOR THE PRODUCTS OF OUR BRAND ARE UPDATED REGULARLY. PLEASE REFER TO THE INGREDIENT LIST ON YOUR PRODUCT PACKAGE FOR THE MOST UP TO DATE LIST OF INGREDIENTS TO ENSURE IT IS SUITABLE TO YOUR PERSONAL USE. (FOR REFILLED PRODUCTS IN THE STORE, THE MOST UP TO DATE LIST OF INGREDIENTS SHOULD BE OBTAINED LOCALLY AFTER REFILL OF THE PRODUCT ON THE POINT OF SALE).",Cerave
Therapeutic Hand Cream,https://www.cerave.com/skincare/moisturizers/therapeutic-hand-cream,"DIMETHICONE 1% IN  WATER, CYCLOPENTASILOXANE, ALUMINUM/MAGNESIUM HYDROXIDE STEARATE, CYCLOHEXASILOXANE, NIACINAMIDE, SODIUM CHLORIDE, POLYGLYCERYL-4 ISOSTEARATE, CETYL PEG/PPG-10/1 DIMETHICONE, HEXYL LAURATE, PHENOXYETHANOL, CERAMIDE NP, CERAMIDE AP, CERAMIDE EOP, CARBOMER, METHYLPARABEN, SODIUM LAUROYL LACTYLATE, CHOLESTEROL, PROPYLPARABEN, HYDROLYZED HYALURONIC ACID, PHYTOSPHINGOSINE, XANTHAN GUM, PENTAERYTHRITYL TETRA-DI-T-BUTYL HYDROXYHYDROCINNAMATE PLEASE BE AWARE THAT INGREDIENT LISTS FOR THE PRODUCTS OF OUR BRAND ARE UPDATED REGULARLY. PLEASE REFER TO THE INGREDIENT LIST ON YOUR PRODUCT PACKAGE FOR THE MOST UP TO DATE LIST OF INGREDIENTS TO ENSURE IT IS SUITABLE FOR YOUR PERSONAL USE.",Cerave
Resurfacing Retinol Serum,https://www.cerave.com/skincare/facial-serums/resurfacing-retinol-serum,"AQUA/WATER/EAU, PROPANEDIOL, DIMETHICONE, CETEARYL ETHYLHEXANOATE, NIACINAMIDE, AMMONIUM POLYACRYLOYLDIMETHYL TAURATE, DIPOTASSIUM GLYCYRRHIZATE, HYDROGENATED LECITHIN, POTASSIUM PHOSPHATE, CERAMIDE NP, CERAMIDE AP, CERAMIDE EOP, CARBOMER, CETEARYL ALCOHOL, BEHENTRIMONIUM METHOSULFATE, DIMETHICONOL, LECITHIN, SODIUM CITRATE, RETINOL, SODIUM HYALURONATE, SODIUM LAUROYL LACTYLATE, CHOLESTEROL, PHENOXYETHANOL, ALCOHOL, ISOPROPYL MYRISTATE, CAPRYLYL GLYCOL, CITRIC ACID, TRISODIUM ETHYLENEDIAMINE DISUCCINATE, PENTYLENE GLYCOL, PHYTOSPHINGOSINE, XANTHAN GUM, POLYSORBATE 20, ETHYLHEXYLGLYCERIN PLEASE BE AWARE THAT INGREDIENT LISTS FOR THE PRODUCTS OF OUR BRAND ARE UPDATED REGULARLY. PLEASE REFER TO THE INGREDIENT LIST ON YOUR PRODUCT PACKAGE FOR THE MOST UP TO DATE LIST OF INGREDIENTS TO ENSURE IT IS SUITABLE TO YOUR PERSONAL USE.(FOR REFILLED PRODUCTS IN THE STORE, THE MOST UP TO DATE LIST OF INGREDIENTS SHOULD BE OBTAINED LOCALLY AFTER REFILL OF THE PRODUCT ON THE POINT OF SALE).",Cerave
Skin Renewing Vitamin C Serum,https://www.cerave.com/skincare/facial-serums/skin-renewing-vitamin-c-serum,"WATER, ASCORBIC ACID, GLYCERIN, DIMETHICONE, CETEARYL ETHYLHEXANOATE, ALCOHOL DENAT., SODIUM HYDROXIDE, AMMONIUM POLYACRYLOYLDIMETHYL TAURATE, PANTHENOL, CERAMIDE NP, CERAMIDE AP, CERAMIDE EOP, CARBOMER, CETEARYL ALCOHOL, BEHENTRIMONIUM METHOSULFATE, SODIUM HYALURONATE, SODIUM LAUROYL LACTYLATE, CHOLESTEROL, PHENOXYETHANOL, TOCOPHERYL ACETATE, DISODIUM EDTA, ISOPROPYL MYRISTATE, CAPRYLYL GLYCOL, XANTHAN GUM, PHYTOSPHINGOSINE, ETHYLHEXYLGLYCERIN PLEASE BE AWARE THAT INGREDIENT LISTS FOR THE PRODUCTS OF OUR BRAND ARE UPDATED REGULARLY. PLEASE REFER TO THE INGREDIENT LIST ON YOUR PRODUCT PACKAGE FOR THE MOST UP TO DATE LIST OF INGREDIENTS TO ENSURE IT IS SUITABLE FOR YOUR PERSONAL USE.",Cerave
Skin Renewing Nightly Exfoliating Treatment,https://www.cerave.com/skincare/facial-serums/skin-renewing-nightly-exfoliating-treatment,"AQUA / WATER / EAU, GLYCERIN, CETEARYL ETHYLHEXANOATE, CETEARYL ALCOHOL, DIMETHICONE LYCOLIC ACID, LACTIC ACID, SODIUM HYDROXIDE, DIPOTASSIUM GLYCYRRHIZATE, POLYACRYLATE CROSSPOLYMER-6, CERAMIDE NP, CERAMIDE AP, CERAMIDE EOP, CARBOMER, CETEARYL GLUCOSIDE, BEHENTRIMONIUM METHOSULFATE, TRIETHYL CITRATE, SODIUM HYALURONATE, SODIUM LAUROYL LACTYLATE, CHOLESTEROL, PHENOXYETHANOL, PHENYLETHYL RESORCINOL, ISOPROPYL MYRISTATE, CAPRYLYL GLYCOL, CITRIC ACID, TRISODIUM ETHYLENEDIAMINE DISUCCINATE, XANTHAN GUM, PHYTOSPHINGOSINE, BENZOIC ACID PLEASE BE AWARE THAT INGREDIENT LISTS FOR THE PRODUCTS OF OUR BRAND ARE UPDATED REGULARLY. PLEASE REFER TO THE INGREDIENT LIST ON YOUR PRODUCT PACKAGE FOR THE MOST UP TO DATE LIST OF INGREDIENTS TO ENSURE IT IS SUITABLE TO YOUR PERSONAL USE.(FOR REFILLED PRODUCTS IN THE STORE, THE MOST UP TO DATE LIST OF INGREDIENTS SHOULD BE OBTAINED LOCALLY AFTER REFILL OF THE PRODUCT ON THE POINT OF SALE).",Cerave
Hydrating Hyaluronic Acid Serum,https://www.cerave.com/skincare/facial-serums/hydrating-hyaluronic-acid-serum,"AQUA / WATER, GLYCERIN, CETEARYL ETHYLHEXANOATE, DIMETHICONE, AMMONIUM POLYACRYLOYLDIMETHYL TAURATE, SODIUM HYALURONATE, PANTHENOL, CERAMIDE NP, CERAMIDE AP, CERAMIDE EOP, CARBOMER, CETEARYL ALCOHOL, BEHENTRIMONIUM METHOSULFATE, SODIUM HYDROXIDE, SODIUM LAUROYL LACTYLATE, CHOLESTEROL, PHENOXYETHANOL, DISODIUM EDTA, ISOPROPYL MYRISTATE, CAPRYLYL GLYCOL, CITRIC ACID, XANTHAN GUM, PHYTOSPHINGOSINE, ETHYLHEXYLGLYCERIN PLEASE BE AWARE THAT INGREDIENT LISTS FOR OUR CERAVE PRODUCTS ARE UPDATED REGULARLY. REFER TO THE INGREDIENT LIST ON YOUR PRODUCT PACKAGE FOR THE MOST UP-TO-DATE FORMULATION TO ENSURE IT IS SUITABLE FOR YOUR PERSONAL USE.(FOR PRODUCTS REFILLED IN-STORE, THE MOST UP-TO-DATE LIST OF INGREDIENTS SHOULD BE OBTAINED LOCALLY AFTER REFILL OF THE PRODUCT AT THE POINT OF SALE)",Cerave
Skin Renewing Retinol Serum,https://www.cerave.com/skincare/facial-serums/skin-renewing-retinol-serum,"AQUA/WATER/EAU, GLYCERIN, CAPRYLIC/CAPRIC TRIGLYCERIDE, POTASSIUM CETYL PHOSPHATE, HYDROGENATED PALM GLYCERIDES, POLYSORBATE 20, PEG-40 STEARATE, CYCLOPENTASILOXANE, HYDROXYETHYLCELLULOSE, POTASSIUM PHOSPHATE, CERAMIDE NP, CERAMIDE AP, CERAMIDE EOP, CARBOMER, NIACINAMIDE, ISOCETETH-10, DIMETHICONE/VINYL DIMETHICONE CROSSPOLYMER, TRIETHANOLAMINE, CETEARYL ALCOHOL, BEHENTRIMONIUM METHOSULFATE, CICHORIUM INTYBUS ROOT EXTRACT / CHICORY ROOT EXTRACT, LECITHIN, RETINOL, SILICA, SODIUM LAUROYL LACTYLATE, CHOLESTEROL, PHENOXYETHANOL, TOCOPHEROL, ALCOHOL, HYDROXYACETOPHENONE, CITRIC ACID, HYDROLYZED HYALURONIC ACID, PENTYLENE GLYCOL, XANTHAN GUM, PHYTOSPHINGOSINE, BUTYROSPERMUM PARKII BUTTER / SHEA BUTTER, ETHYLHEXYLGLYCERIN PLEASE BE AWARE THAT INGREDIENT LISTS FOR THE PRODUCTS OF OUR BRAND ARE UPDATED REGULARLY. PLEASE REFER TO THE INGREDIENT LIST ON YOUR PRODUCT PACKAGE FOR THE MOST UP TO DATE LIST OF INGREDIENTS TO ENSURE IT IS SUITABLE TO YOUR PERSONAL USE.(FOR REFILLED PRODUCTS IN THE STORE, THE MOST UP TO DATE LIST OF INGREDIENTS SHOULD BE OBTAINED LOCALLY AFTER REFILL OF THE PRODUCT ON THE POINT OF SALE).",Cerave
Skin Renewing Gel Oil,https://www.cerave.com/skincare/moisturizers/skin-renewing-gel-oil,"CAPRYLIC/CAPRIC TRIGLYCERIDE, C12-15 ALKYL BENZOATE, ETHYLHEXYL PALMITATE, GLYCERIN, CAPRYLIC/CAPRIC GLYCERIDES, PROPYLHEPTYL CAPRYLATE, AQUA / WATER / EAU, SUCROSE LAURATE, SUCROSE STEARATE, CERAMIDE NP, CERAMIDE NS, CERAMIDE AP, CERAMIDE EOP, CERAMIDE EOS, CETEARETH-25, BEHENIC ACID, HELIANTHUS ANNUUS EXTRACT / SUNFLOWER EXTRACT, SODIUM HYALURONATE CROSSPOLYMER, CHOLESTEROL, ROSMARINUS OFFICINALIS LEAF EXTRACT / ROSEMARY LEAF EXTRACT, PHENOXYETHANOL, TOCOPHEROL, CHLORPHENESIN, ASCORBYL PALMITATE, SUCROSE PALMITATE, CAPRYLYL GLYCOL, HYDROXYMETHOXYPHENYL DECANONE, CAPROOYL PHYTOSPHINGOSINE, CAPROOYL SPHINGOSINE, PENTYLENE GLYCOL, CETYL ALCOHOL, ETHYLHEXYLGLYCERIN, ORYZA SATIVA BRAN EXTRACT / RICE BRAN EXTRACTPLEASE BE AWARE THAT INGREDIENT LISTS FOR THE PRODUCTS OF OUR BRAND ARE UPDATED REGULARLY. PLEASE REFER TO THE INGREDIENT LIST ON YOUR PRODUCT PACKAGE FOR THE MOST UP TO DATE LIST OF INGREDIENTS TO ENSURE IT IS SUITABLE TO YOUR PERSONAL USE.   (FOR REFILLED PRODUCTS IN THE STORE, THE MOST UP TO DATE LIST OF INGREDIENTS SHOULD BE OBTAINED LOCALLY AFTER REFILL OF THE PRODUCT ON THE POINT OF SALE).",Cerave
Acne Control Gel,https://www.cerave.com/skincare/acne/acne-control-gel,"SALICYLIC ACID 2% IN  WATER, GLYCERIN, SODIUM HYDROXIDE, GLYCOLIC ACID, LACTIC ACID, NIACINAMIDE, CERAMIDE NP, CERAMIDE AP, CERAMIDE EOP, CARBOMER, CETEARYL ALCOHOL, BEHENTRIMONIUM METHOSULFATE, TRIETHYL CITRATE, SODIUM HYALURONATE, SODIUM LAUROYL LACTYLATE, CHOLESTEROL, CHLORPHENESIN, DISODIUM EDTA, HYDROXYPROPYL GUAR, CAPRYLYL GLYCOL, XANTHAN GUM, PHYTOSPHINGOSINE, BENZOIC ACID PLEASE BE AWARE THAT INGREDIENT LISTS FOR THE PRODUCTS OF OUR BRAND ARE UPDATED REGULARLY. PLEASE REFER TO THE INGREDIENT LIST ON YOUR PRODUCT PACKAGE FOR THE MOST UP TO DATE LIST OF INGREDIENTS TO ENSURE IT IS SUITABLE TO YOUR PERSONAL USE.(FOR REFILLED PRODUCTS IN THE STORE, THE MOST UP TO DATE LIST OF INGREDIENTS SHOULD BE OBTAINED LOCALLY AFTER REFILL OF THE PRODUCT ON THE POINT OF SALE).",Cerave
"Hydrating Mineral Sunscreen SPF 30 Face Sheer Tint, Shade: Light",https://www.cerave.com/sunscreen/face/hydrating-mineral-sunscreen-spf-30-face-sheer-tint-light,"TITANIUM DIOXIDE (5.5%), ZINC OXIDE (10%)IN  WATER, C12-15 ALKYL BENZOATE, ISOHEXADECANE, ISONONYL ISONONANOATE, DICAPRYLYL ETHER, PEG-30 DIPOLYHYDROXYSTEARATE, TRIETHYLHEXANOIN, POLYGLYCERYL-4 ISOSTEARATE, DICAPRYLYL CARBONATE, ETHYLENE/ACRYLIC ACID COPOLYMER, TRIETHANOLAMINE, SILICA, POLY C10-30 ALKYL ACRYLATE, STEARIC ACID, CERAMIDE NP, CERAMIDE AP, CERAMIDE EOP, CARBOMER, NIACINAMIDE, CETEARYL ALCOHOL, TRIETHOXYCAPRYLYLSILANE, BEHENTRIMONIUM METHOSULFATE, SODIUM CHLORIDE, SALICYLIC ACID, SODIUM HYALURONATE, SODIUM LAUROYL LACTYLATE, CHOLESTEROL, ALUMINUM STEARATE, ALUMINA, ALUMINUM HYDROXIDE, IRON OXIDES, PHENOXYETHANOL, P-ANISIC ACID, CHLORPHENESIN, TOCOPHEROL, DISODIUM EDTA, DISODIUM STEAROYL GLUTAMATE, PROPYLENE CARBONATE, CITRIC ACID, CAPRYLYL GLYCOL, CAPRYLOYL SALICYLIC ACID, CAPRYLIC/CAPRIC TRIGLYCERIDE, DIETHYLHEXYL SYRINGYLIDENEMALONATE, DISTEARDIMONIUM HECTORITE, XANTHAN GUM, PHYTOSPHINGOSINE, POLYHYDROXYSTEARIC ACID, ETHYLHEXYLGLYCERIN PLEASE BE AWARE THAT INGREDIENT LISTS FOR THE PRODUCTS OF OUR BRAND ARE UPDATED REGULARLY. PLEASE REFER TO THE INGREDIENT LIST ON YOUR PRODUCT PACKAGE FOR THE MOST UP TO DATE LIST OF INGREDIENTS TO ENSURE IT IS SUITABLE FOR YOUR PERSONAL USE.",Cerave
"Hydrating Mineral Sunscreen SPF 30 Face Sheer Tint, Shade: Medium",https://www.cerave.com/sunscreen/face/hydrating-mineral-sunscreen-spf-30-face-sheer-tint-medium,"TITANIUM DIOXIDE (5.5%), ZINC OXIDE (10%)IN  WATER, C12-15 ALKYL BENZOATE, ISOHEXADECANE, ISONONYL ISONONANOATE, DICAPRYLYL ETHER, PEG-30 DIPOLYHYDROXYSTEARATE, TRIETHYLHEXANOIN, POLYGLYCERYL-4 ISOSTEARATE, DICAPRYLYL CARBONATE, ETHYLENE/ACRYLIC ACID COPOLYMER, TRIETHANOLAMINE, SILICA, POLY C10-30 ALKYL ACRYLATE, STEARIC ACID, CERAMIDE NP, CERAMIDE AP, CERAMIDE EOP, CARBOMER, NIACINAMIDE, CETEARYL ALCOHOL, TRIETHOXYCAPRYLYLSILANE, BEHENTRIMONIUM METHOSULFATE, SODIUM CHLORIDE, SALICYLIC ACID, SODIUM HYALURONATE, SODIUM LAUROYL LACTYLATE, CHOLESTEROL, ALUMINUM STEARATE, ALUMINA, ALUMINUM HYDROXIDE, IRON OXIDES, PHENOXYETHANOL, P-ANISIC ACID, CHLORPHENESIN, TOCOPHEROL, DISODIUM EDTA, DISODIUM STEAROYL GLUTAMATE, PROPYLENE CARBONATE, CITRIC ACID, CAPRYLYL GLYCOL, CAPRYLOYL SALICYLIC ACID, CAPRYLIC/CAPRIC TRIGLYCERIDE, DIETHYLHEXYL SYRINGYLIDENEMALONATE, DISTEARDIMONIUM HECTORITE, XANTHAN GUM, PHYTOSPHINGOSINE, POLYHYDROXYSTEARIC ACID, ETHYLHEXYLGLYCERIN PLEASE BE AWARE THAT INGREDIENT LISTS FOR THE PRODUCTS OF OUR BRAND ARE UPDATED REGULARLY. PLEASE REFER TO THE INGREDIENT LIST ON YOUR PRODUCT PACKAGE FOR THE MOST UP TO DATE LIST OF INGREDIENTS TO ENSURE IT IS SUITABLE FOR YOUR PERSONAL USE.",Cerave
"Hydrating Mineral Sunscreen SPF 30 Face Sheer Tint, Shade: Deep",https://www.cerave.com/sunscreen/face/hydrating-mineral-sunscreen-spf-30-face-sheer-tint-deep,"TITANIUM DIOXIDE (5.5%), ZINC OXIDE (10%)IN  WATER, C12-15 ALKYL BENZOATE, ISOHEXADECANE, ISONONYL ISONONANOATE, DICAPRYLYL ETHER, PEG-30 DIPOLYHYDROXYSTEARATE, TRIETHYLHEXANOIN, POLYGLYCERYL-4 ISOSTEARATE, DICAPRYLYL CARBONATE, ETHYLENE/ACRYLIC ACID COPOLYMER, TRIETHANOLAMINE, SILICA, POLY C10-30 ALKYL ACRYLATE, STEARIC ACID, CERAMIDE NP, CERAMIDE AP, CERAMIDE EOP, CARBOMER, NIACINAMIDE, CETEARYL ALCOHOL, TRIETHOXYCAPRYLYLSILANE, BEHENTRIMONIUM METHOSULFATE, SODIUM CHLORIDE, SALICYLIC ACID, SODIUM HYALURONATE, SODIUM LAUROYL LACTYLATE, CHOLESTEROL, ALUMINUM STEARATE, ALUMINA, ALUMINUM HYDROXIDE, IRON OXIDES, PHENOXYETHANOL, P-ANISIC ACID, CHLORPHENESIN, TOCOPHEROL, DISODIUM EDTA, DISODIUM STEAROYL GLUTAMATE, PROPYLENE CARBONATE, CITRIC ACID, CAPRYLYL GLYCOL, CAPRYLOYL SALICYLIC ACID, CAPRYLIC/CAPRIC TRIGLYCERIDE, DIETHYLHEXYL SYRINGYLIDENEMALONATE, DISTEARDIMONIUM HECTORITE, XANTHAN GUM, PHYTOSPHINGOSINE, POLYHYDROXYSTEARIC ACID, ETHYLHEXYLGLYCERIN PLEASE BE AWARE THAT INGREDIENT LISTS FOR THE PRODUCTS OF OUR BRAND ARE UPDATED REGULARLY. PLEASE REFER TO THE INGREDIENT LIST ON YOUR PRODUCT PACKAGE FOR THE MOST UP TO DATE LIST OF INGREDIENTS TO ENSURE IT IS SUITABLE FOR YOUR PERSONAL USE.",Cerave
AM Facial Moisturizing Lotion SPF 50,https://www.cerave.com/skincare/moisturizers/facial-moisturizers/am-facial-moisturizing-lotion-spf-50,"HOMOSALATE (8%), ZINC OXIDE (7%), OCTISALATE (5%), OCTOCRYLENE (5%)IN  WATER, GLYCERIN, DIMETHICONE, PROPANEDIOL, BUTYLOCTYL SALICYLATE, STEARETH-20, CELLULOSE, NIACINAMIDE, ETHYLHEXYL METHOXYCRYLENE, STEARETH-2, CERAMIDE NP, CERAMIDE AP, CERAMIDE EOP, SORBITAN ISOSTEARATE, CARBOMER, GLYCINE SOJA (SOYBEAN) OIL, TRIETHOXYCAPRYLYLSILANE, CETEARYL ALCOHOL, BEHENTRIMONIUM METHOSULFATE, TRIETHYL CITRATE, SODIUM HYALURONATE, SODIUM LAUROYL LACTYLATE, CHOLESTEROL, AMMONIUM POLYACRYLOYLDIMETHYL TAURATE, TOCOPHEROL, CHLORPHENESIN, HYDROXYACETOPHENONE, CAPRYLYL GLYCOL, HYDROXYETHYL ACRYLATE/SODIUM ACRYLOYLDIMETHYL TAURATE COPOLYMER, TRISODIUM ETHYLENEDIAMINE DISUCCINATE, PHYTOSPHINGOSINE, XANTHAN GUM, POLYHYDROXYSTEARIC ACID, POLYSORBATE 60, ORYZA SATIVA (RICE) BRAN WAX, BENZOIC ACID, C12-22 ALKYL ACRYLATE/HYDROXYETHYLACRYLATE COPOLYMERPLEASE BE AWARE THAT INGREDIENT LISTS FOR THE PRODUCTS OF OUR BRAND ARE UPDATED REGULARLY. PLEASE REFER TO THE INGREDIENT LIST ON YOUR PRODUCT PACKAGE FOR THE MOST UP-TO-DATE LIST OF INGREDIENTS TO ENSURE IT IS SUITABLE FOR YOUR PERSONAL USE.",Cerave
Ultra-Light Moisturizing Lotion,https://www.cerave.com/skincare/moisturizers/ultra-light-moisturizing-lotion-spf-30,"AVOBENZONE 3%, HOMOSALATE 10%, OCTISALATE 5%, OCTOCRYLENE 2.7% IN  WATER, C12-15 ALKYL BENZOATE, GLYCERYL STEARATE SE, METHYL METHACRYLATE CROSSPOLYMER, GLYCERIN, PENTYLENE GLYCOL, CERAMIDE NP, CERMAIDE AP, CERAMIDE EOP, CARBOMER, SODIUM ACRYLOYLDIMETHYLTAURATE / VP CROSSPOLYMER, SODIUM LAUROYL LACTYLATE, SODIUM HYALURONATE, CHOLESTEROL, PHENOXYETHANOL, DISODIUM EDTA, HYDROXYACETOPHENONE, CITRIC ACID, PHYTOSPHINGOSINE, XANTHUM GUM, T-BUTYL ALCOHOL, ETHYLHEXYLGLYCERIN PLEASE BE AWARE THAT INGREDIENT LISTS FOR THE PRODUCTS OF OUR BRAND ARE UPDATED REGULARLY. PLEASE REFER TO THE INGREDIENT LIST ON YOUR PRODUCT PACKAGE FOR THE MOST UP TO DATE LIST OF INGREDIENTS TO ENSURE IT IS SUITABLE TO YOUR PERSONAL USE.   (FOR REFILLED PRODUCTS IN THE STORE, THE MOST UP TO DATE LIST OF INGREDIENTS SHOULD BE OBTAINED LOCALLY AFTER REFILL OF THE PRODUCT ON THE POINT OF SALE).",Cerave
Hydrating Sheer Sunscreen Broad Spectrum SPF 30 for Face & Body,https://www.cerave.com/sunscreen/hydrating-sheer-sunscreen-broad-spectrum-spf-30-for-face-and-body,"HOMOSALATE 6% ................................................................... SUNSCREENOCTISALATE 5% ...................................................................... SUNSCREENOCTOCRYLENE 5% ................................................................... SUNSCREENZINC OXIDE 7%...................................................................... SUNSCREEN IN  WATER, GLYCERIN, COCO-CAPRYLATE/CAPRATE, PROPANEDIOL, BUTYLOCTYL SALICYLATE, C12-22 ALKYL ACRYLATE/HYDROXYETHYLACRYLATE COPOLYMER, NIACINAMIDE, ETHYLHEXYL METHOXYCRYLENE, ORYZA SATIVA (RICE) BRAN WAX, STEARETH-20, CERAMIDE NP, CERAMIDE AP, CERAMIDE EOP, SORBITANISOSTEARATE, CARBOMER, TRIETHOXYCAPRYLYLSILANE, CETEARYL ALCOHOL, BEHENTRIMONIUM METHOSULFATE, TRIETHYL CITRATE, SODIUM LAUROYL LACTYLATE, SODIUM HYALURONATE, CHOLESTEROL, CHLORPHENESIN, HYDROXYACETOPHENONE, HYDROXYETHYL ACRYLATE/SODIUM ACRYLOYLDIMETHYL TAURATE COPOLYMER, CITRICACID, CAPRYLIC/CAPRIC TRIGLYCERIDE, CAPRYLYL GLYCOL, TRISODIUMETHYLENEDIAMINE DISUCCINATE, DIETHYLHEXYL SYRINGYLIDENEMALONATE, XANTHAN GUM, PHYTOSPHINGOSINE, POLYHYDROXYSTEARIC ACID, POLYSORBATE60, BENZOIC ACID PLEASE BE AWARE THAT INGREDIENT LISTS FOR THE PRODUCTS OF OUR BRAND ARE UPDATED REGULARLY. PLEASE REFER TO THE INGREDIENT LIST ON YOUR PRODUCT PACKAGE FOR THE MOST UP-TO-DATE LIST OF INGREDIENTS TO ENSURE IT IS SUITABLE TO YOUR PERSONAL USE.",Cerave
Hydrating Mineral Sunscreen SPF 50 Face Lotion,https://www.cerave.com/sunscreen/face/hydrating-mineral-sunscreen-face-lotion-spf-50,"TITANIUM DIOXIDE (9%), ZINC OXIDE (7%)IN  WATER, GLYCERIN, C12-15 ALKYL BENZOATE, DIMETHICONE, ISODODECANE, STYRENE/ACRYLATES COPOLYMER, GLYCERYL STEARATE, BUTYLOCTYL SALICYLATE, DICAPRYLYL CARBONATE, PROPANEDIOL, STEARIC ACID, ALUMINUM HYDROXIDE, PEG-100 STEARATE, SORBITAN STEARATE, NIACINAMIDE, PEG-8 LAURATE, CERAMIDE NP, CERAMIDE AP, CERAMIDE EOP, SORBITAN ISOSTEARATE, CARBOMER, CETEARYL ALCOHOL, CETEARETH-20, TRIETHOXYCAPRYLYLSILANE, DIMETHICONOL, SODIUM CITRATE, SODIUM LAUROYL LACTYLATE, SODIUM DODECYLBENZENESULFONATE, MYRISTIC ACID, SODIUM HYALURONATE, CHOLESTEROL, PALMITIC ACID, PHENOXYETHANOL, CHLORPHENESIN, TOCOPHEROL, HYDROXYETHYL ACRYLATE/SODIUM ACRYLOYLDIMETHYL TAURATE COPOLYMER, CAPRYLYL GLYCOL, CITRIC ACID, PANTHENOL, XANTHAN GUM, PHYTOSPHINGOSINE, POLYHYDROXYSTEARIC ACID, POLYSORBATE 60, ETHYLHEXYLGLYCERIN PLEASE BE AWARE THAT INGREDIENT LISTS FOR THE PRODUCTS OF OUR BRAND ARE UPDATED REGULARLY. PLEASE REFER TO THE INGREDIENT LIST ON YOUR PRODUCT PACKAGE FOR THE MOST UP TO DATE LIST OF INGREDIENTS TO ENSURE IT IS SUITABLE TO YOUR PERSONAL USE.(FOR REFILLED PRODUCTS IN THE STORE, THE MOST UP TO DATE LIST OF INGREDIENTS SHOULD BE OBTAINED LOCALLY AFTER REFILL OF THE PRODUCT ON THE POINT OF SALE).",Cerave
Hydrating Mineral Sunscreen SPF 30 Face Lotion,https://www.cerave.com/sunscreen/face/hydrating-mineral-sunscreen-face-lotion-spf-30,"TITANIUM DIOXIDE (6%), ZINC OXIDE (5%)IN  WATER, GLYCERIN, C12-15 ALKYL BENZOATE, DIMETHICONE, GLYCERYL STEARATE, ISODODECANE, BUTYLOCTYL SALICYLATE, STYRENE/ACRYLATES COPOLYMER, PROPANEDIOL, STEARIC ACID, PEG-100 STEARATE, SORBITAN STEARATE, NIACINAMIDE, PEG-8 LAURATE, CERAMIDE NP, CERAMIDE AP, CERAMIDE EOP, SORBITAN ISOSTEARATE, CARBOMER, CETEARYL ALCOHOL, CETEARETH-20, TRIETHOXYCAPRYLYLSILANE, DIMETHICONOL, SODIUM CITRATE, SODIUM LAUROYL LACTYLATE, SODIUM DODECYLBENZENESULFONATE, MYRISTIC ACID, SODIUM HYALURONATE, CHOLESTEROL, ALUMINUM HYDROXIDE, PALMITIC ACID, PHENOXYETHANOL, CHLORPHENESIN, HYDROXYETHYL ACRYLATE/SODIUM ACRYLOYLDIMETHYL TAURATE COPOLYMER, CAPRYLYL GLYCOL, CITRIC ACID, PANTHENOL, XANTHAN GUM, PHYTOSPHINGOSINE, POLYHYDROXYSTEARIC ACID, POLYSORBATE 60, ETHYLHEXYLGLYCERIN PLEASE BE AWARE THAT INGREDIENT LISTS FOR THE PRODUCTS OF OUR BRAND ARE UPDATED REGULARLY. PLEASE REFER TO THE INGREDIENT LIST ON YOUR PRODUCT PACKAGE FOR THE MOST UP TO DATE LIST OF INGREDIENTS TO ENSURE IT IS SUITABLE TO YOUR PERSONAL USE.(FOR REFILLED PRODUCTS IN THE STORE, THE MOST UP TO DATE LIST OF INGREDIENTS SHOULD BE OBTAINED LOCALLY AFTER REFILL OF THE PRODUCT ON THE POINT OF SALE).",Cerave
Hydrating Mineral Sunscreen SPF 50 Body Lotion,https://www.cerave.com/sunscreen/body/hydrating-sunscreen-body-lotion-spf-50,"TITANIUM DIOXIDE (9%), ZINC OXIDE (7%)IN  WATER, GLYCERIN, C12-15 ALKYL BENZOATE, DIMETHICONE, ISODODECANE, STYRENE/ACRYLATES COPOLYMER, GLYCERYL STEARATE, BUTYLOCTYL SALICYLATE, DICAPRYLYL CARBONATE, PROPANEDIOL, STEARIC ACID, ALUMINUM HYDROXIDE, PEG-100 STEARATE, SORBITAN STEARATE, PEG-8 LAURATE, CERAMIDE NP, CERAMIDE AP, CERAMIDE EOP, SORBITAN ISOSTEARATE, CARBOMER, CETEARYL ALCOHOL, CETEARETH-20, TRIETHOXYCAPRYLYLSILANE, DIMETHICONOL, SODIUM CITRATE, SODIUM LAUROYL LACTYLATE, SODIUM DODECYLBENZENESULFONATE, MYRISTIC ACID, SODIUM HYALURONATE, CHOLESTEROL, PALMITIC ACID, PHENOXYETHANOL, CHLORPHENESIN, TOCOPHEROL, HYDROXYETHYL ACRYLATE/SODIUM ACRYLOYLDIMETHYL TAURATE COPOLYMER, CAPRYLYL GLYCOL, CITRIC ACID, XANTHAN GUM, PHYTOSPHINGOSINE, POLYHYDROXYSTEARIC ACID, POLYSORBATE 60, ETHYLHEXYLGLYCERIN PLEASE BE AWARE THAT INGREDIENT LISTS FOR THE PRODUCTS OF OUR BRAND ARE UPDATED REGULARLY. PLEASE REFER TO THE INGREDIENT LIST ON YOUR PRODUCT PACKAGE FOR THE MOST UP TO DATE LIST OF INGREDIENTS TO ENSURE IT IS SUITABLE TO YOUR PERSONAL USE.(FOR REFILLED PRODUCTS IN THE STORE, THE MOST UP TO DATE LIST OF INGREDIENTS SHOULD BE OBTAINED LOCALLY AFTER REFILL OF THE PRODUCT ON THE POINT OF SALE).",Cerave
Hydrating Mineral Sunscreen SPF 30 Body Lotion,https://www.cerave.com/sunscreen/body/hydrating-mineral-sunscreen-body-lotion-spf-30,"TITANIUM DIOXIDE (6%), ZINC OXIDE (5%)IN  WATER, GLYCERIN, C12-15 ALKYL BENZOATE, DIMETHICONE, GLYCERYL STEARATE, ISODODECANE, BUTYLOCTYL SALICYLATE, STYRENE/ACRYLATES COPOLYMER, PROPANEDIOL, STEARIC ACID, PEG-100 STEARATE, SORBITAN STEARATE, PEG-8 LAURATE, CERAMIDE NP, CERAMIDE AP, CERAMIDE EOP, SORBITAN ISOSTEARATE, CARBOMER, CETEARYL ALCOHOL, CETEARETH-20, TRIETHOXYCAPRYLYLSILANE, DIMETHICONOL, SODIUM CITRATE, SODIUM LAUROYL LACTYLATE, SODIUM DODECYLBENZENESULFONATE, MYRISTIC ACID, SODIUM HYALURONATE, CHOLESTEROL, ALUMINUM HYDROXIDE, PALMITIC ACID PHENOXYETHANOL, CHLORPHENESIN, HYDROXYETHYL ACRYLATE/SODIUM ACRYLOYLDIMETHYL TAURATE COPOLYMER, CAPRYLYL GLYCOL, CITRIC ACID, XANTHAN GUM, PHYTOSPHINGOSINE, POLYHYDROXYSTEARIC ACID, POLYSORBATE 60, ETHYLHEXYLGLYCERIN PLEASE BE AWARE THAT INGREDIENT LISTS FOR THE PRODUCTS OF OUR BRAND ARE UPDATED REGULARLY. PLEASE REFER TO THE INGREDIENT LIST ON YOUR PRODUCT PACKAGE FOR THE MOST UP TO DATE LIST OF INGREDIENTS TO ENSURE IT IS SUITABLE TO YOUR PERSONAL USE.(FOR REFILLED PRODUCTS IN THE STORE, THE MOST UP TO DATE LIST OF INGREDIENTS SHOULD BE OBTAINED LOCALLY AFTER REFILL OF THE PRODUCT ON THE POINT OF SALE).",Cerave
Mineral Sunscreen Stick,https://www.cerave.com/sunscreen/mineral-sunscreen/mineral-sunscreen-stick,"TITANIUM DIOXIDE (6%), ZINC OXIDE (4.7%)IN  C12-15 ALKYL BENZOATE, BUTYLOCTYL SALICYLATE, NEOPENTYL GLYCOL DIETHYLHEXANOATE, PARAFFIN, EUPHORBIA CERIFERA (CANDELILLA) WAX, OZOKERITE, DIMETHICONE, BEESWAX, POLYETHYLENE, CETYL ALCOHOL, CERAMIDE 3, CERAMIDE 6-II, CERAMIDE 1, CHOLESTEROL, PHYTOSPHYNGOSINE, SODIUM HYALURONATE, POLYHYDROSTEARIC ACID, ALUMINUM HYDROXIDE, STEARIC ACID, BHT, CARBOMER, TRIETHOXYCAPRYLYLSILANE, ISOSTEARIC ACID, SODIUM LAUROYL LACTYLATE, XANTHAN GUM PLEASE BE AWARE THAT INGREDIENT LISTS FOR THE PRODUCTS OF OUR BRAND ARE UPDATED REGULARLY. PLEASE REFER TO THE INGREDIENT LIST ON YOUR PRODUCT PACKAGE FOR THE MOST UP TO DATE LIST OF INGREDIENTS TO ENSURE IT IS SUITABLE TO YOUR PERSONAL USE.(FOR REFILLED PRODUCTS IN THE STORE, THE MOST UP TO DATE LIST OF INGREDIENTS SHOULD BE OBTAINED LOCALLY AFTER REFILL OF THE PRODUCT ON THE POINT OF SALE).",Cerave
Skin Renewing Day Cream,https://www.cerave.com/skincare/moisturizers/skin-renewing-day-cream,"OCTINOXATE 7.5%, ZINC OXIDE 10.5%IN  WATER, CYCLOMETHICONE, PENTYLENE GLYCOL, PHENYL TRIMETHICONE, CETEARYL ALCOHOL, PEG-40 STEARATE, DIMETHICONE, GLYCERIN, STEARYL ALCOHOL, PHENOXYETHANOL, BHT, SQUALANE, POTASSIUM CETYL PHOSPHATE, POTASSIUM PHOSPHATE, CERAMIDE NP, CERAMIDE AP, CERAMIDE EOP, SORBITAN ISOSTEARATE, CARBOMER, DIMETHICONE CROSSPOLYMER, BEHENTRIMONIUM METHOSULFATE, CETEARETH-20, SODIUM POLYACRYLATE, LECITHIN, RETINOL, SODIUM LAUROYL LACTYLATE, CHOLESTEROL, DISODIUM EDTA, CHLORPHENESIN, ALCOHOL, HYDROXYETHYL ACRYLATE/SODIUM ACRYLOYLDIMETHYL TAURATE COPOLYMER, CITRIC ACID, HYDROGENATED PALM GLYCERIDES, TETRAHEXYLDECYL ASCORBATE, HYDROLYZED HYALURONIC ACID, IRIS FLORENTINA ROOT EXTRACT, XANTHAN GUM, PHYTOSPHINGOSINE, BUTYLENE GLYCOL, POLYSILICONE-11, POLYSORBATE 60, ETHYLHEXYLGLYCERIN, POLYSORBATE 20 PLEASE BE AWARE THAT INGREDIENT LISTS FOR THE PRODUCTS OF OUR BRAND ARE UPDATED REGULARLY. PLEASE REFER TO THE INGREDIENT LIST ON YOUR PRODUCT PACKAGE FOR THE MOST UP TO DATE LIST OF INGREDIENTS TO ENSURE IT IS SUITABLE TO YOUR PERSONAL USE.(FOR REFILLED PRODUCTS IN THE STORE, THE MOST UP TO DATE LIST OF INGREDIENTS SHOULD BE OBTAINED LOCALLY AFTER REFILL OF THE PRODUCT ON THE POINT OF SALE).",Cerave
Baby Wash & Shampoo,https://www.cerave.com/skincare/baby/baby-wash-shampoo,"AQUA / WATER / EAU, COCO-BETAINE, DISODIUM COCOYL GLUTAMATE, CITRIC ACID, CETYL HYDROXYETHYLCELLULOSE, CERAMIDE NP, CERAMIDE AP, CERAMIDE EOP, CARBOMER, TRIETHYL CITRATE, SODIUM CHLORIDE, SODIUM COCOYL GLUTAMATE, SODIUM PHYTATE, SODIUM LAUROYL LACTYLATE, SODIUM HYALURONATE, CHOLESTEROL, DISODIUM EDTA, TOCOPHERYL ACETATE, CAPRYLOYL GLYCINE, CAPRYLYL GLYCOL, PHYTOSPHINGOSINE, XANTHAN GUM, BENZOIC ACID PLEASE BE AWARE THAT INGREDIENT LISTS FOR THE PRODUCTS OF OUR BRAND ARE UPDATED REGULARLY. PLEASE REFER TO THE INGREDIENT LIST ON YOUR PRODUCT PACKAGE FOR THE MOST UP TO DATE LIST OF INGREDIENTS TO ENSURE IT IS SUITABLE TO YOUR PERSONAL USE. (FOR REFILLED PRODUCTS IN THE STORE, THE MOST UP TO DATE LIST OF INGREDIENTS SHOULD BE OBTAINED LOCALLY AFTER REFILL OF THE PRODUCT ON THE POINT OF SALE).",Cerave
Baby Moisturizing Lotion,https://www.cerave.com/skincare/baby/baby-moisturizing-lotion,"AQUA / WATER / EAU, CETEARYL ALCOHOL, CAPRYLIC/CAPRIC TRIGLYCERIDE, CETYL ALCOHOL, PHENOXYETHANOL, NIACINAMIDE, DIMETHICONE, ALLANTOIN, POTASSIUM PHOSPHATE, CERAMIDE NP, CERAMIDE AP, CERAMIDE EOP, CARBOMER, ZINC CITRATE, BEHENTRIMONIUM METHOSULFATE, SODIUM LAUROYL LACTYLATE, SODIUM PCA, ARGININE PCA, SODIUM HYALURONATE, CHOLESTEROL, DIPOTASSIUM PHOSPHATE, DISODIUM EDTA, TOCOPHERYL ACETATE, TOCOPHEROL, LAURIC ACID, PHYTOSPHINGOSINE, XANTHAN GUM, POLYGLYCERYL-3 DIISOSTEARATE, POLYSORBATE 60, ETHYLHEXYLGLYCERIN PLEASE BE AWARE THAT INGREDIENT LISTS FOR THE PRODUCTS OF OUR BRAND ARE UPDATED REGULARLY. PLEASE REFER TO THE INGREDIENT LIST ON YOUR PRODUCT PACKAGE FOR THE MOST UP TO DATE LIST OF INGREDIENTS TO ENSURE IT IS SUITABLE TO YOUR PERSONAL USE.   (FOR REFILLED PRODUCTS IN THE STORE, THE MOST UP TO DATE LIST OF INGREDIENTS SHOULD BE OBTAINED LOCALLY AFTER REFILL OF THE PRODUCT ON THE POINT OF SALE).",Cerave
Baby Healing Ointment,https://www.cerave.com/skincare/ointment/baby-healing-ointment,"PETROLATUM 46.5%IN MINERAL OIL, PARAFFIN, OZOKERITE, DIMETHICONE, CERAMIDE NP, CERAMIDE AP, CERAMIDE EOP, CARBOMER, WATER, SODIUM LAUROYL LACTYLATE, PROLINE, CHOLESTEROL, PHENOXYETHANOL, TOCOPHERYL ACETATE, TOCOPHEROL, HYDROLYZED HYALURONIC ACID, PANTHENOL, PANTOLACTONE, PHYTOSPHINGOSINE, XANTHAN GUM, ETHYLHEXYLGLYCERIN PLEASE BE AWARE THAT INGREDIENT LISTS FOR THE PRODUCTS OF OUR BRAND ARE UPDATED REGULARLY. PLEASE REFER TO THE INGREDIENT LIST ON YOUR PRODUCT PACKAGE FOR THE MOST UP TO DATE LIST OF INGREDIENTS TO ENSURE IT IS SUITABLE TO YOUR PERSONAL USE. (FOR REFILLED PRODUCTS IN THE STORE, THE MOST UP TO DATE LIST OF INGREDIENTS SHOULD BE OBTAINED LOCALLY AFTER REFILL OF THE PRODUCT ON THE POINT OF SALE).",Cerave
Baby Moisturizing Cream,https://www.cerave.com/skincare/baby/baby-moisturizing-cream,"AQUA / WATER / EAU, GLYCERIN, CETEARYL ALCOHOL, CAPRYLIC/CAPRIC TRIGLYCERIDE, CETYL ALCOHOL, CETEARETH-20, DIMETHICONE, PETROLATUM, POTASSIUM PHOSPHATE, CERAMIDE NP, CERAMIDE AP, CERAMIDE EOP CARBOMER, BEHENTRIMONIUM METHOSULFATE, SODIUM LAUROYL LACTYLATE, SODIUM HYALURONATE, CHOLESTEROL, PHENOXYETHANOL, DIPOTASSIUM PHOSPHATE, DISODIUM EDTA, PHYTOSPHINGOSINE, XANTHAN GUM, ETHYLHEXYLGLYCERIN  PLEASE BE AWARE THAT INGREDIENT LISTS FOR THE PRODUCTS OF OUR BRAND ARE UPDATED REGULARLY. PLEASE REFER TO THE INGREDIENT LIST ON YOUR PRODUCT PACKAGE FOR THE MOST UP TO DATE LIST OF INGREDIENTS TO ENSURE IT IS SUITABLE TO YOUR PERSONAL USE.(FOR REFILLED PRODUCTS IN THE STORE, THE MOST UP TO DATE LIST OF INGREDIENTS SHOULD BE OBTAINED LOCALLY AFTER REFILL OF THE PRODUCT ON THE POINT OF SALE).",Cerave
Healing Ointment,https://www.cerave.com/skincare/moisturizers/healing-ointment,"PETROLATUM 46.5%IN MINERAL OIL, PARAFFIN, OZOKERITE, DIMETHICONE, CERAMIDE NP, CERAMIDE AP, CERAMIDE EOP, CARBOMER, WATER, SODIUM LAUROYL LACTYLATE, PROLINE, CHOLESTEROL, PHENOXYETHANOL, TOCOPHERYL ACETATE, TOCOPHEROL, HYDROLYZED HYALURONIC ACID, PANTHENOL, PANTOLACTONE, PHYTOSPHINGOSINE, XANTHAN GUM, ETHYLHEXYLGLYCERIN PLEASE BE AWARE THAT INGREDIENT LISTS FOR THE PRODUCTS OF OUR BRAND ARE UPDATED REGULARLY. PLEASE REFER TO THE INGREDIENT LIST ON YOUR PRODUCT PACKAGE FOR THE MOST UP TO DATE LIST OF INGREDIENTS TO ENSURE IT IS SUITABLE FOR YOUR PERSONAL USE.",Cerave
Baby Healing Ointment,https://www.cerave.com/skincare/ointment/baby-healing-ointment,"PETROLATUM 46.5%IN MINERAL OIL, PARAFFIN, OZOKERITE, DIMETHICONE, CERAMIDE NP, CERAMIDE AP, CERAMIDE EOP, CARBOMER, WATER, SODIUM LAUROYL LACTYLATE, PROLINE, CHOLESTEROL, PHENOXYETHANOL, TOCOPHERYL ACETATE, TOCOPHEROL, HYDROLYZED HYALURONIC ACID, PANTHENOL, PANTOLACTONE, PHYTOSPHINGOSINE, XANTHAN GUM, ETHYLHEXYLGLYCERIN PLEASE BE AWARE THAT INGREDIENT LISTS FOR THE PRODUCTS OF OUR BRAND ARE UPDATED REGULARLY. PLEASE REFER TO THE INGREDIENT LIST ON YOUR PRODUCT PACKAGE FOR THE MOST UP TO DATE LIST OF INGREDIENTS TO ENSURE IT IS SUITABLE TO YOUR PERSONAL USE. (FOR REFILLED PRODUCTS IN THE STORE, THE MOST UP TO DATE LIST OF INGREDIENTS SHOULD BE OBTAINED LOCALLY AFTER REFILL OF THE PRODUCT ON THE POINT OF SALE).",Cerave
