brand,name,link,ingredients
Paula's Choice,Pro-Collagen Peptide Gloss Balm,https://www.paulaschoice.com/pro-collagen-peptide-gloss-balm/71180.html,"['HYDROGENATED POLYISOBUTENE', 'POLYBUTENE', 'DIISOSTEARYL MALATE', 'BIS-DIGLYCERYL POLYACYLADIPATE-2', 'GLYCERYL BEHENATE', 'SYNTHETIC BEESWAX', 'CAPRYLIC/CAPRIC TRIGLYCERIDE', 'BUTYROSPERMUM PARKII BUTTER', 'CETEARYL ETHYLHEXANOATE', 'ETHYLHEXYL PALMITATE', 'RICINUS COMMUNIS (CASTOR) SEED OIL', 'DIMETHYL ISOSORBIDE', 'PALMITOYL TRIPEPTIDE-1', 'PALMITOYL TRIPEPTIDE-38', 'TRIDECAPEPTIDE-1', 'SESAMUM INDICUM (SESAME) SEED EXTRACT', 'PORTULACA PILOSA EXTRACT', 'PENTYLENE GLYCOL', 'PRUNUS DOMESTICA SEED OIL', 'AQUA/WATER/EAU', 'SODIUM HYALURONATE', 'TRIBEHENIN', 'SORBITAN ISOSTEARATE', 'HYDROGENATED CASTOR OIL', 'LACTIC ACID', 'TOCOPHEROL', 'SUCROSE COCOATE', 'VANILLIN', 'RED 7 LAKE']"
Paula's Choice,2% BHA Liquid Exfoliant,https://www.paulaschoice.com/skin-perfecting-2pct-bha-liquid-exfoliant/201.html,"['WATER', 'METHYLPROPANEDIOL', 'BUTYLENE GLYCOL', 'SALICYLIC ACID', 'POLYSORBATE 20', 'CAMELLIA OLEIFERA', 'SODIUM HYDROXIDE', 'TETRASODIUM EDTA']"
Paula's Choice,C15 Super Booster,https://www.paulaschoice.com/c15-super-booster/777.html,"['AQUA/WATER/EAU', 'ASCORBIC ACID', 'GLYCERIN', 'ETHOXYDIGLYCOL', 'PPG-26-BUTETH-26', 'MANNITOL', 'TRIDECAPEPTIDE-1', 'PALMITOYL TRIPEPTIDE-5', 'ERGOTHIONEINE', 'SODIUM HYALURONATE', 'PENTYLENE GLYCOL', 'PEG-40 HYDROGENATED CASTOR OIL', 'BISABOLOL', 'SODIUM GLUCONATE', 'DECYLENE GLYCOL', 'FERULIC ACID', 'ORYZA SATIVA (RICE) BRAN EXTRACT', 'TOCOPHEROL', 'POLYACRYLATE CROSSPOLYMER-6', '1, 2-HEXANEDIOL', 'PANTHENOL', 'SODIUM PHYTATE', 'SODIUM HYDROXIDE', 'CITRIC ACID', 'PHENOXYETHANOL']"
Paula's Choice,PRO Retinaldehyde Dual-Retinoid Treatment,https://www.paulaschoice.com/clinical-pro-retinaldehyde-dual-retinoid-treatment/150.html,"['AQUA/WATER/EAU', 'CAPRYLIC/CAPRIC TRIGLYCERIDE', 'SIMMONDSIA CHINENSIS (JOJOBA) SEED OIL', 'DIMETHICONE', 'POLYGLYCERYL-2 STEARATE', 'PROPANEDIOL', 'POLYGLYCERYL-3 DIISOSTEARATE', 'RETINAL', 'TOCOPHEROL', 'TOCOPHERYL ACETATE', 'SACCHAROMYCES FERMENT FILTRATE', 'ALBATRELLUS CONFLUENS (MUSHROOM) EXTRACT', 'PUNICA GRANATUM PERICARP EXTRACT', 'GLYCERYL STEARATE', 'STEARYL ALCOHOL', 'HYDROXYAPATITE', 'BUTYLENE GLYCOL', 'CETYL GLYCERYL ETHER', 'RICINUS COMMUNIS (CASTOR) SEED OIL', 'SODIUM POLYACRYLATE', 'ISOPROPYL MYRISTATE', 'HYDROXYACETOPHENONE', 'CAPRYLHYDROXAMIC ACID', 'SODIUM PHYTATE', 'XANTHAN GUM', 'GLYCERIN', 'HYDROXYSTEARIC ACID', '1, 2-HEXANEDIOL', 'SORBITAN OLEATE', 'NARINGIN', 'CITRIC ACID', 'TITANIUM DIOXIDE']"
Paula's Choice,Pore Normalizing Cleanser,https://www.paulaschoice.com/clear-pore-normalizing-cleanser/600.html,"['SALICYLIC ACID', 'WATER', 'SODIUM LAUROYL SARCOSINATE', 'ACRYLATES/STEARETH-20 METHACRYLATE COPOLYMER', 'GLYCERIN', 'PEG-200 HYDROGENATED GLYCERYL PALMATE', 'SODIUM LAURETH SULFATE', 'ARGININE', 'BUTYLENE GLYCOL', 'PEG-7 GLYCERYL COCOATE', 'PANTHENOL', 'DISODIUM EDTA', 'CITRIC ACID', 'PEG-60 HYDROGENATED CASTOR OIL', 'SODIUM CITRATE', 'PHENOXYETHANOL', 'CAPRYLYL GLYCOL', 'CHLORPHENESIN']"
Paula's Choice,Pore-Reducing Toner,https://www.paulaschoice.com/skin-balancing-pore-reducing-toner/135.html,"['WATER', 'GLYCERIN', 'BUTYLENE GLYCOL', 'NIACINAMIDE', 'POLYSORBATE 20', 'ADENOSINE', 'ANTHEMIS NOBILIS FLOWER EXTRACT', 'ARCTIUM LAPPA', 'HYDROLYZED JOJOBA ESTERS', 'SODIUM PCA', 'PANTHENOL', 'SODIUM HYALURONATE', 'CERAMIDE NP', 'CERAMIDE AP', 'CERAMIDE EOP', 'PHYTOSPHINGOSINE', 'CHOLESTEROL', 'TETRAHEXYLDECYL ASCORBATE', 'OLETH-10', 'SODIUM LAUROYL LACTYLATE', 'CAPRYLYL GLYCOL', 'HEXYLENE GLYCOL', 'SODIUM CITRATE', 'XANTHAN GUM', 'TRISODIUM EDTA', 'PHENOXYETHANOL']"
Paula's Choice,Niacinamide 20% Treatment,https://www.paulaschoice.com/clinical-niacinamide-20pct-treatment/803.html,"['WATER', 'NIACINAMIDE', 'PENTYLENE GLYCOL', 'BUTYLENE GLYCOL', 'GLYCERIN', 'ACETYL GLUCOSAMINE', 'ASCORBYL GLUCOSIDE', 'GLYCYRRHIZA GLABRA (LICORICE) ROOT EXTRACT', 'SPIRAEA ULMARIA EXTRACT', 'PORTULACA OLERACEA EXTRACT', 'CAMELLIA JAPONICA FLOWER EXTRACT', 'EPIGALLOCATECHIN GALLATE', 'BOERHAVIA DIFFUSA ROOT EXTRACT', 'CAMELLIA SINENSIS LEAF EXTRACT', 'ALLANTOIN', 'LECITHIN', 'PULLULAN', 'PANTHENOL', 'SILICA', 'XANTHAN GUM', 'SCLEROTIUM GUM', 'PROPANEDIOL', 'SODIUM PHYTATE', 'PHENOXYETHANOL', 'ETHYLHEXYLGLYCERIN']"
Paula's Choice,10% Azelaic Acid Booster,https://www.paulaschoice.com/10pct-azelaic-acid-booster/775.html,"['WATER', 'AZELAIC ACID', 'C12-15 ALKYL BENZOATE', 'CAPRYLIC/CAPRIC TRIGLYCERIDE', 'METHYL GLUCOSE SESQUISTEARATE', 'GLYCERIN', 'CETEARYL ALCOHOL', 'GLYCERYL STEARATE', 'DIMETHICONE', 'SALICYLIC ACID', 'ADENOSINE', 'GLYCYRRHIZA GLABRA (LICORICE) ROOT EXTRACT', 'BOERHAVIA DIFFUSA ROOT EXTRACT', 'ALLANTOIN', 'BISABOLOL', 'CYCLOPENTASILOXANE', 'XANTHAN GUM', 'SCLEROTIUM GUM', 'PROPANEDIOL', 'BUTYLENE GLYCOL', 'PHENOXYETHANOL']"
Paula's Choice,Youth-Extending Daily Hydrating Fluid SPF 50,https://www.paulaschoice.com/resist-youth-extending-daily-hydrating-fluid-spf-50/780.html,"['WATER', 'OCTINOXATE', 'GLYCERIN', 'OCTISALATE', 'SILICA', 'AVOBENZONE', 'OCTOCRYLENE', 'DIMETHICONE', 'TOCOPHEROL', 'CHAMOMILLA RECUTITA (MATRICARIA) FLOWER EXTRACT', 'VITIS VINIFERA (GRAPE) SEED EXTRACT', 'CAMELLIA SINENSIS LEAF EXTRACT', 'CAMELLIA OLEIFERA LEAF EXTRACT', 'PEUCEDANUM GRAVEOLENS (DILL) EXTRACT', 'SAMBUCUS NIGRA FRUIT EXTRACT', 'OAT BRAN EXTRACT', 'PUNICA GRANATUM FRUIT EXTRACT', 'LYCIUM BARBARUM FRUIT EXTRACT', 'HYDROGENATED LECITHIN', 'TITANIUM DIOXIDE', 'DIMETHICONE/VINYL DIMETHICONE CROSSPOLYMER', 'DIETHYLHEXYL SYRINGYLIDENEMALONATE', 'HYDROXYETHYL ACRYLATE/SODIUM ACRYLOYLDIMETHYL TAURATE COPOLYMER', 'XANTHAN GUM', 'SODIUM CARBOMER', 'BENZYL ALCOHOL', 'SODIUM BENZOATE', 'POTASSIUM SORBATE', 'PHENOXYETHANOL']"
Paula's Choice,1% Retinol Treatment,https://www.paulaschoice.com/clinical-1pct-retinol-treatment/801.html,"['WATER', 'DIMETHICONE', 'GLYCERIN', 'BUTYLENE GLYCOL', 'ISONONYL ISONONANOATE', 'CASTOR ISOSTEARATE SUCCINATE', 'GLYCERYL STEARATE', 'C12-15 ALKYL BENZOATE', 'DIMETHICONE CROSSPOLYMER', 'PEG-33', 'POLYSORBATE 20', 'BEHENYL ALCOHOL', 'PEG-100 STEARATE', 'PENTAERYTHRITYL TETRAISOSTEARATE', 'POLYMETHYLSILSESQUIOXANE', 'TETRAHEXYLDECYL ASCORBATE', 'RETINOL', 'CERAMIDE NG', 'PALMITOYL TETRAPEPTIDE-7', 'PALMITOYL HEXAPEPTIDE-12', 'SODIUM HYALURONATE', 'DIPOTASSIUM GLYCYRRHIZATE', 'GLYCYRRHIZA GLABRA (LICORICE) ROOT EXTRACT', 'AVENA SATIVA (OAT) KERNEL EXTRACT', 'ARCTIUM LAPPA', 'SALIX ALBA EXTRACT', 'GLYCINE SOJA STEROLS', 'LECITHIN', 'ALLANTOIN', 'TOCOPHERYL ACETATE', 'HYDROLYZED SOY PROTEIN', 'SORBITAN LAURATE', 'ACETYL DIPEPTIDE-1 CETYL ESTER', 'DISODIUM EDTA', 'HYDROXYETHYLCELLULOSE', 'PALMITOYL TRIPEPTIDE-1', 'SODIUM HYDROXIDE', 'TRIBEHENIN', 'CAPRYLYL GLYCOL', 'ETHYLHEXYLGLYCERIN', 'PENTYLENE GLYCOL', 'PEG-75 SHEA BUTTER GLYCERIDES', 'PPG-12/SMDI COPOLYMER', 'PEG-10 PHYTOSTEROL', 'PEG-8 DIMETHICONE', 'PEG-14', 'MAGNESIUM ALUMINUM SILICATE', 'ARACHIDYL GLUCOSIDE', 'ARACHIDYL ALCOHOL', 'SCLEROTIUM GUM', 'CARBOMER', 'PHENOXYETHANOL', 'BENZOIC ACID']"
Paula's Choice,5% Vitamin C Sheer Moisturizer SPF 50,https://www.paulaschoice.com/5pct-vitamin-c-sheer-moisturizer-spf-50/136.html,"['AVOBENZONE', 'OCTINOXATE', 'OCTISALATE', 'OCTOCRYLENE', 'AQUA/WATER/EAU', 'GLYCERIN', 'SILICA', '3-O ETHYL ASCORBIC ACID', 'ASCORBYL GLUCOSIDE', 'DIMETHICONE', 'PROPANEDIOL', 'TETRAHEXYLDECYL ASCORBATE', 'ACETYL ZINGERONE', 'ACRYLATES/C10-30 ALKYL ACRYLATE CROSSPOLYMER', 'DIETHYLHEXYL SYRINGYLIDENEMALONATE', 'DIMETHICONE/VINYL DIMETHICONE CROSSPOLYMER', 'PORPHYRA UMBILICALIS EXTRACT', 'HYDROGENATED LECITHIN', 'RICINUS COMMUNIS (CASTOR) SEED OIL', 'SODIUM HYDROXIDE', 'TOCOPHEROL', 'XANTHAN GUM', 'ETHYLHEXYLGLYCERIN', 'LAURETH-4', 'PHENOXYETHANOL', 'POTASSIUM SORBATE', 'SODIUM BENZOATE', 'TITANIUM DIOXIDE', 'IRON OXIDES', 'ENTADA PHASEOLOIDES BARK/SEED EXTRACT']"
Paula's Choice,Pro-Collagen Peptide Plumping Moisturizer,https://www.paulaschoice.com/pro-collagen-peptide-plumping-moisturizer/151-71519.html,"['AQUA/WATER/EAU', 'DIMETHICONE', 'SQUALANE', 'GLYCERIN', 'PYRUS MALUS (APPLE) FRUIT EXTRACT', 'PENTYLENE GLYCOL', '1, 2-HEXANEDIOL', 'AMMONIUM ACRYLOYLDIMETHYLTAURATE/VP COPOLYMER', 'BUTYLENE GLYCOL', 'HYDROXYACETOPHENONE', 'SODIUM ACRYLATES COPOLYMER', 'ACRYLATES/C10-30 ALKYL ACRYLATE CROSSPOLYMER', 'GIGARTINA STELLATA EXTRACT', 'ACETYL SH-HEXAPEPTIDE-5 AMIDE ACETATE', 'TRIDECAPEPTIDE-1', 'OLIGOPEPTIDE-1', 'SODIUM PHYTATE', 'PROPANEDIOL', 'LECITHIN', 'HYDROXYPROPYLTRIMONIUM HYALURONATE', 'CYANOCOBALAMIN', 'PHENOXYETHANOL']"
Paula's Choice,Perfectly Balanced Foaming Cleanser,https://www.paulaschoice.com/resist-perfectly-balanced-foaming-cleanser/783.html,"['WATER', 'SODIUM LAUROAMPHOACETATE', 'SODIUM COCOYL ISETHIONATE', 'STEARIC ACID', 'GLYCERIN', 'GLYCOL DISTEARATE', 'HELIANTHUS ANNUUS (SUNFLOWER) SEED OIL', 'ACRYLATES COPOLYMER', 'CETEARYL ALCOHOL', 'SODIUM HYALURONATE', 'CERAMIDE NP', 'CERAMIDE AP', 'CERAMIDE EOP', 'PHYTOSPHINGOSINE', 'PHOSPHOLIPIDS', 'SPHINGOLIPIDS', 'LECITHIN', 'ARGININE', 'CHOLESTEROL', 'ALOE BARBADENSIS LEAF EXTRACT', 'DISODIUM EDTA', 'SODIUM CHLORIDE', 'SODIUM HYDROXIDE', 'SODIUM LAUROYL LACTYLATE', 'XANTHAN GUM', 'CARBOMER', 'HEXYLENE GLYCOL', 'PHENOXYETHANOL', 'CAPRYLYL GLYCOL']"
Paula's Choice,Super-Light Wrinkle Defense SPF 30,https://www.paulaschoice.com/resist-super-light-wrinkle-defense-spf-30/776.html,"['WATER', 'CYCLOPENTASILOXANE', 'ZINC OXIDE', 'PEG-12 DIMETHICONE', 'PEG/PPG-18/18 DIMETHICONE', 'LAUROYL LYSINE', 'SODIUM CHLORIDE', 'TRIHYDROXYSTEARIN', 'DIMETHICONE CROSSPOLYMER', 'RESVERATROL', 'QUERCETIN', 'EPIGALLOCATECHIN GALLATE', 'TOCOPHERYL ACETATE', 'TETRAHEXYLDECYL ASCORBATE', 'ADENOSINE', 'BISABOLOL', 'SALIX NIGRA (WILLOW) BARK EXTRACT', 'PUNICA GRANATUM EXTRACT', 'HAEMATOCOCCUS PLUVIALIS EXTRACT', 'HYDROLYZED CORN STARCH', 'POLYSORBATE 80', 'HYDRATED SILICA', 'TRIETHOXYCAPRYLYLSILANE', 'C12-15 ALKYL BENZOATE', 'ISOPROPYL TITANIUM TRIISOSTEARATE', 'CAPRYLYL GLYCOL', 'HEXYLENE GLYCOL', 'ETHYLHEXYLGLYCERIN', 'IRON OXIDES', 'PHENOXYETHANOL']"
Paula's Choice,25% Vitamin C + Glutathione Clinical Serum,https://www.paulaschoice.com/25pct-vitamin-c-and-glutathione-clinical-serum/1490.html,"['AQUA/WATER/EAU', 'TETRAHEXYLDECYL ASCORBATE', 'DIMETHICONE', 'GLYCERIN', 'C9-12 ALKANE', 'ASCORBYL GLUCOSIDE', 'SILICA', 'PYRUS MALUS (APPLE) FRUIT EXTRACT', 'HYDROGENATED LECITHIN', 'POLYGLYCERYL-6 POLYRICINOLEATE', 'ACRYLATES/C10-30 ALKYL ACRYLATE CROSSPOLYMER', 'XANTHAN GUM', 'ORYZA SATIVA (RICE) BRAN EXTRACT', 'HYDROXYETHYL ACRYLATE/SODIUM ACRYLOYLDIMETHYL TAURATE COPOLYMER', 'CETYL ALCOHOL', 'CAPRYLYL GLYCOL', 'LYSINE CARBOXYMETHYL CYSTEINATE', 'COCO CAPRYLATE/CAPRATE', 'TOCOPHEROL', 'GLUTATHIONE', 'SODIUM CITRATE', 'SODIUM PHYTATE', 'HEXYLENE GLYCOL', 'ETHYLHEXYLGLYCERIN', 'HELIANTHUS ANNUUS SUNFLOWER SEED EXTRACT', 'UREA', 'MANNITOL', 'CAPRYLIC/CAPRIC TRIGLYCERIDE', 'SODIUM PCA', 'ROSMARINUS OFFICINALIS (ROSEMARY) LEAF EXTRACT', 'POLYSORBATE 60', 'SORBITAN ISOSTEARATE', 'TREHALOSE', 'ASCORBIC ACID', 'GLUCOSE', 'VANILLA PLANIFOLIA FRUIT EXTRACT', 'POLYQUATERNIUM-51', 'ERGOTHIONEINE', 'TRIACETIN', 'SODIUM HYALURONATE', 'PHENOXYETHANOL']"
Paula's Choice,Barrier Repair Advanced Moisturizer,https://www.paulaschoice.com/resist-barrier-repair-advanced-moisturizer/2240.html,"['WATER', 'DICAPRYLYL CARBONATE', 'ETHYLHEXYL STEARATE', 'GLYCERIN', 'COCOGLYCERIDES', 'SQUALANE', 'SODIUM POLYACRYLATE', 'BUTYROSPERMUM PARKII BUTTER', 'CERAMIDE NP', 'CERAMIDE AP', 'CERAMIDE AS', 'CERAMIDE NS', 'CERAMIDE EOP', 'SODIUM HYALURONATE', 'ADENOSINE', 'PALMITOYL TRIPEPTIDE-5', 'CITRULLUS LANATUS (WATERMELON) SEED OIL', 'GLYCERYL STEARATE', 'CAPRYLYL GLYCOL', 'HYDROXYACETOPHENONE', 'SODIUM STEAROYL GLUTAMATE', 'HEXYLENE GLYCOL', 'TOCOPHEROL', '2,3-BUTANEDIOL', 'XANTHAN GUM', 'ETHYLHEXYLGLYCERIN', 'SODIUM PHYTATE', 'SODIUM PCA', 'UREA', 'HYDROGENATED LECITHIN', 'TREHALOSE', 'POLYQUATERNIUM-51', 'TRIACETIN', 'CHOLESTEROL', 'PHENOXYETHANOL']"
Paula's Choice,Pro-Collagen Multi-Peptide Booster,https://www.paulaschoice.com/pro-collagen-multi-peptide-booster/3020.html,"['WATER', 'GLYCERIN', 'PENTYLENE GLYCOL', 'HYDROLYZED YEAST EXTRACT', 'PYRUS MALUS (APPLE) FRUIT EXTRACT', 'DIMETHICONE', 'PROPANEDIOL', '1, 2-HEXANEDIOL', 'GLYCERYL GLUCOSIDE', 'PALMITOYL TETRAPEPTIDE-72 AMIDE', 'SH-POLYPEPTIDE-121', 'PALMITOYL TRIPEPTIDE-5', 'TRIDECAPEPTIDE-1', 'SODIUM HYALURONATE', 'DODECANE', 'AMMONIUM POLYACRYLOYLDIMETHYL TAURATE', 'POLYGONUM BISTORTA ROOT EXTRACT', 'BACILLUS FERMENT', 'LECITHIN', 'BUTYLENE GLYCOL', 'SODIUM PHYTATE', 'COCO CAPRYLATE/CAPRATE', 'HEXYLENE GLYCOL', 'CETYL HYDROXYETHYLCELLULOSE', 'XANTHAN GUM', 'ETHYLHEXYLGLYCERIN', 'CAPRYLYL GLYCOL', 'MAGNESIUM CHLORIDE', 'POTASSIUM SORBATE', 'SODIUM BENZOATE']"
Paula's Choice,6% Mandelic Acid + 2% Lactic Acid Liquid Exfoliant,https://www.paulaschoice.com/skin-perfecting-6pct-mandelic-acid-and-2pct-lactic-acid-liquid-exfoliant/1470.html,"['WATER', '2,3-BUTANEDIOL', 'MANDELIC ACID', 'LACTIC ACID', 'SODIUM HYDROXIDE', 'MYRICA CERIFERA (BAYBERRY) FRUIT EXTRACT', 'AKEBIA QUINATA (CHOCOLATE VINE) STEM EXTRACT', 'PRUNUS LANNESIANA (CHERRY BLOSSOM) FLOWER EXTRACT', 'LACTOBACILLUS FERMENT LYSATE', 'SACCHAROMYCES LYSATE', 'ACHILLEA MILLEFOLIUM EXTRACT', 'SACCHARIDE ISOMERATE', 'ARGININE', 'HYDROXYACETOPHENONE', 'BUTYLENE GLYCOL', 'SODIUM PHYTATE', 'PENTYLENE GLYCOL', 'XANTHAN GUM', 'CITRIC ACID', 'SODIUM CITRATE', '1, 2-HEXANEDIOL', 'CAPRYLYL GLYCOL', 'SODIUM BENZOATE']"
Paula's Choice,Triple Active Total Repair Serum,https://www.paulaschoice.com/resist-triple-active-total-repair-serum/1020.html,"['WATER', 'ISOPROPYL MYRISTATE', 'CAPRYLIC/CAPRIC TRIGLYCERIDE', 'GLYCERIN', 'NIACINAMIDE', 'HYDROXYSTEARIC ACID', 'ORYZA SATIVA (RICE) BRAN OIL', 'TOCOTRIENOLS', 'RETINYL PROPIONATE', 'HEXYLRESORCINOL', 'ACRYLATES/C10-30 ALKYL ACRYLATE CROSSPOLYMER', 'CETYL ALCOHOL', 'CASTANEA SATIVA (CHESTNUT) LEAF EXTRACT', 'HYDROXYACETOPHENONE', '1, 2-HEXANEDIOL', 'CAPRYLYL GLYCOL', 'SODIUM HYDROXIDE', 'DILAURYL THIODIPROPIONATE', 'PENTAERYTHRITYL TETRA-DI-T-BUTYL HYDROXYHYDROCINNAMATE', 'SODIUM PHYTATE', 'BHT']"
Paula's Choice,10% Niacinamide Booster,https://www.paulaschoice.com/10pct-niacinamide-booster/798.html,"['WATER', 'NIACINAMIDE', 'ACETYL GLUCOSAMINE', 'ASCORBYL GLUCOSIDE', 'BUTYLENE GLYCOL', 'PHOSPHOLIPIDS', 'SODIUM HYALURONATE', 'ALLANTOIN', 'BOERHAVIA DIFFUSA ROOT EXTRACT', 'GLYCERIN', 'DIPOTASSIUM GLYCYRRHIZATE', 'GLYCYRRHIZA GLABRA (LICORICE) ROOT EXTRACT', 'EPIGALLOCATECHIN GALLATE', 'BETA-GLUCAN', 'PANTHENOL', 'CARNOSINE', 'GENISTEIN', 'CITRIC ACID', 'SODIUM CITRATE', 'SODIUM HYDROXIDE', 'XANTHAN GUM', 'ETHYLHEXYLGLYCERIN', 'POLYSORBATE 20', 'TRISODIUM ETHYLENEDIAMINE DISUCCINATE', 'PENTYLENE GLYCOL', 'CAPRYLYL GLYCOL', 'PHENOXYETHANOL']"
Paula's Choice,Skin Restoring Moisturizer with SPF 50,https://www.paulaschoice.com/resist-skin-restoring-moisturizer-with-spf-50/797.html,"['WATER', 'OCTINOXATE', 'HOMOSALATE', 'OCTISALATE', 'OXYBENZONE', 'SILICA', 'GLYCERIN', 'AVOBENZONE', 'CETEARYL ALCOHOL', 'DIMETHICONE', 'BUTYLENE GLYCOL', 'PENTYLENE GLYCOL', 'POTASSIUM CETYL PHOSPHATE', 'CYCLOPENTASILOXANE', 'PYRUS MALUS (APPLE) FRUIT EXTRACT', 'VP/EICOSENE COPOLYMER', 'ALLANTOIN', 'NIACINAMIDE', 'TOCOPHEROL', 'GLYCYRRHIZA GLABRA (LICORICE) ROOT EXTRACT', 'ALOE BARBADENSIS LEAF JUICE', 'ATRACTYLODES MACROCEPHALA ROOT POWDER', 'AVENA SATIVA (OAT) KERNEL EXTRACT', 'COFFEA ARABICA SEED EXTRACT', 'PORTULACA OLERACEA EXTRACT', 'MAHONIA AQUIFOLIUM ROOT EXTRACT', 'DIETHYLHEXYL SYRINGYLIDENEMALONATE', 'SARCOSINE', 'CAPRYLOYL GLYCINE', 'MALTOOLIGOSYL GLUCOSIDE', 'CETEARYL GLUCOSIDE', 'DIMETHICONOL', 'ACRYLATES/C10-30 ALKYL ACRYLATE CROSSPOLYMER', 'HYDROGENATED STARCH HYDROLYSATE', 'HEXYLENE GLYCOL', '4-T-BUTYLCYCLOHEXANOL', 'GLYCERYL STEARATE', 'PEG-100 STEARATE', 'SODIUM HYDROXIDE', 'XANTHAN GUM', 'DISODIUM EDTA', 'PHENOXYETHANOL', 'CAPRYLYL GLYCOL', 'ETHYLHEXYLGLYCERIN']"
Paula's Choice,0.3% Retinol + 2% Bakuchiol Treatment,https://www.paulaschoice.com/clinical-0.3pct-retinol-and-2pct-bakuchiol-treatment/81B.html,"['WATER', 'DIMETHICONE', 'PENTAERYTHRITYL TETRAISOSTEARATE', 'ISONONYL ISONONANOATE', 'BUTYLENE GLYCOL', 'BAKUCHIOL', 'ARACHIDYL ALCOHOL', 'GLYCERYL POLYMETHACRYLATE', 'DIMETHICONE CROSSPOLYMER', 'BEHENYL ALCOHOL', 'GLYCERIN', 'PEG-75 SHEA BUTTER GLYCERIDES', 'GLYCERYL STEARATE', 'C12-15 ALKYL BENZOATE', 'POLYSORBATE 20', 'TETRAHEXYLDECYL ASCORBATE', 'RETINOL', 'CERAMIDE NG', 'PALMITOYL TETRAPEPTIDE-7', 'PALMITOYL HEXAPEPTIDE-12', 'SODIUM HYALURONATE', 'DIPOTASSIUM GLYCYRRHIZATE', 'GLYCYRRHIZA GLABRA (LICORICE) ROOT EXTRACT', 'AVENA SATIVA (OAT) KERNEL EXTRACT', 'ARCTIUM LAPPA', 'SALIX ALBA EXTRACT', 'GLYCINE SOJA STEROLS', 'LECITHIN', 'ALLANTOIN', 'TOCOPHERYL ACETATE', 'HYDROLYZED SOY PROTEIN', 'PALMITOYL TRIPEPTIDE-1', 'SODIUM HYDROXIDE', 'TRIBEHENIN', 'CAPRYLYL GLYCOL', 'DIPEPTIDE-2', 'POLYGONUM CUSPIDATUM ROOT EXTRACT', 'PEG-10 PHYTOSTEROL', 'PEG-8', 'MAGNESIUM ALUMINUM SILICATE', 'ARACHIDYL GLUCOSIDE', 'PENTYLENE GLYCOL', 'SODIUM ACRYLATES COPOLYMER', 'HYDROXYETHYL ACRYLATE/SODIUM ACRYLOYLDIMETHYL TAURATE COPOLYMER', 'CETEARYL ALCOHOL', 'COCO-GLUCOSIDE', 'HESPERIDIN METHYL CHALCONE', 'N-HYDROXYSUCCINIMIDE', 'DISODIUM EDTA', 'PHENOXYETHANOL', 'BENZOIC ACID', 'ETHYLHEXYLGLYCERIN']"
Paula's Choice,C5 Super Boost Moisturizer,https://www.paulaschoice.com/c5-super-boost-moisturizer/290.html,"['WATER', 'DICAPRYLYL CARBONATE', '3-O ETHYL ASCORBIC ACID', 'DIMETHICONE', 'BUTYLENE GLYCOL', 'POLYGLYCERYL-6 DISTEARATE', 'ASCORBYL GLUCOSIDE', 'SQUALANE', 'HYDROXYETHYL ACRYLATE/SODIUM ACRYLOYLDIMETHYL TAURATE COPOLYMER', 'ACETYL SH-HEXAPEPTIDE-5 AMIDE ACETATE', 'CITRULLUS LANATUS (WATERMELON) SEED OIL', 'HYDROGENATED LECITHIN', 'THEOBROMA CACAO (COCOA) SEED BUTTER', 'HYDROGENATED PHOSPHATIDYLCHOLINE', 'PENTAERYTHRITYL TETRA-DI-T-BUTYL HYDROXYHYDROCINNAMATE', 'SODIUM HYALURONATE', 'ORYZA SATIVA (RICE) BRAN EXTRACT', 'PROPANEDIOL', 'JOJOBA ESTERS', 'TOCOPHEROL', 'ACETYL ZINGERONE', 'CETYL PALMITATE', 'CAPRYLYL GLYCOL', 'CETYL ALCOHOL', 'POLYGLYCERYL-3 BEESWAX', 'SODIUM HYDROXIDE', 'SORBITAN OLIVATE', 'SORBITAN PALMITATE', 'HELIANTHUS ANNUUS SUNFLOWER SEED EXTRACT', 'ETHYLHEXYLGLYCERIN', 'HEXYLENE GLYCOL', 'SODIUM PHYTATE', 'POLYSORBATE 60', 'SORBITAN ISOSTEARATE', 'LECITHIN', 'ROSMARINUS OFFICINALIS (ROSEMARY) LEAF EXTRACT', 'GLYCINE SOJA OIL', 'LYSOLECITHIN', 'BACILLUS FERMENT', 'CITRIC ACID', 'POLYGLUTAMIC ACID', 'BETA-SITOSTEROL', 'PHYTIC ACID', 'SQUALENE', 'PHENOXYETHANOL', 'SODIUM BENZOATE', 'POTASSIUM SORBATE']"
Paula's Choice,Phytoestrogen Elasticity Renewal Body Treatment,https://www.paulaschoice.com/clinical-phytoestrogen-elasticity-renewal-body-treatment/322.html,"['WATER', 'CYCLODEXTRIN', 'GLYCERIN', 'COCO CAPRYLATE/CAPRATE', 'SQUALANE', 'BUTYLENE GLYCOL', 'SODIUM ACRYLATES COPOLYMER', 'HYDROGENATED POLYDECENE', 'GLYCINE SOJA (SOYBEAN) SEED EXTRACT', 'EQUOL', 'XANTHAN GUM', 'CETYL ALCOHOL', 'TOCOPHEROL', 'DAIDZEIN', 'GENISTEIN', 'LINUM USITATISSIMUM (LINSEED) SEED OIL', 'HELIANTHUS ANNUUS (SUNFLOWER) SEED OIL', 'PHOSPHOLIPIDS', 'POLYGLYCERYL-10 STEARATE', 'CITRIC ACID', 'GLYCINE SOJA OIL', 'SODIUM PHYTATE', 'ETHYLHEXYLGLYCERIN', 'PHENOXYETHANOL']"
Paula's Choice,2% BHA Lotion Exfoliant,https://www.paulaschoice.com/skin-perfecting-2pct-bha-lotion-exfoliant/205.html,"['WATER', 'BUTYLENE GLYCOL', 'POLYSORBATE 20', 'CETYL ALCOHOL', 'SALICYLIC ACID', 'AMMONIUM ACRYLOYLDIMETHYLTAURATE/VP COPOLYMER', 'CYCLOPENTASILOXANE', 'SORBITAN STEARATE', 'CAMELLIA SINENSIS LEAF EXTRACT', 'LAURIC ACID', 'ALLANTOIN', 'GLYCERIN', 'GLYCYRRHIZA GLABRA (LICORICE) ROOT EXTRACT', 'AVENA SATIVA (OAT) KERNEL EXTRACT', 'EPILOBIUM ANGUSTIFOLIUM EXTRACT', 'DIMETHICONE', 'XANTHAN GUM', 'MAGNESIUM ALUMINUM SILICATE', 'PEG-40 HYDROGENATED CASTOR OIL', 'SODIUM HYDROXIDE', 'HEXYLENE GLYCOL', 'DISODIUM EDTA', 'ETHYLHEXYLGLYCERIN', 'PHENOXYETHANOL', 'CAPRYLYL GLYCOL']"
Paula's Choice,Skin Revealing Body Lotion 10% AHA,https://www.paulaschoice.com/skin-revealing-body-lotion-10pct-aha/590.html,"['WATER', 'GLYCOLIC ACID', 'CYCLOPENTASILOXANE', 'DIMETHICONE', 'GLYCERIN', 'GLYCERYL STEARATE', 'STEARIC ACID', 'SODIUM HYDROXIDE', 'BUTYROSPERMUM PARKII', 'CETYL ALCOHOL', 'PEG-100 STEARATE', 'XANTHAN GUM', 'TETRAHEXYLDECYL ASCORBATE', 'TOCOPHERYL ACETATE', 'DISODIUM EDTA', 'BUTYLENE GLYCOL', 'ALLANTOIN', 'CHAMOMILLA RECUTITA FLOWER EXTRACT', 'VITIS VINIFERA (GRAPE) SEED OIL', 'CAMELLIA OLEIFERA LEAF EXTRACT', 'EPILOBIUM ANGUSTIFOLIUM EXTRACT', 'SODIUM METABISULFITE', 'PHENOXYETHANOL', 'SODIUM BENZOATE']"
Paula's Choice,Hyaluronic Acid + Peptide Lip Booster,https://www.paulaschoice.com/hyaluronic-acid-and-peptide-lip-booster/958.html,"['DIISOSTEARYL MALATE', 'HYDROGENATED CASTOR OIL/SEBACIC ACID COPOLYMER', 'THEOBROMA CACAO (COCOA) SEED BUTTER', 'DIPENTAERYTHRITYL TETRABEHENATE/POLYHYDROXYSTEARATE', 'POLYAMIDE-8', 'POLYGLYCERYL-3 BEESWAX', 'DIMER DILINOLEYL DIMER DILINOLEATE', 'ETHYLHEXYL PALMITATE', 'TRIISOSTEARIN', 'SQUALANE', 'BUTYROSPERMUM PARKII (SHEA BUTTER) UNSAPONIFIABLES', 'CETEARYL ETHYLHEXANOATE', 'DIPALMITOYL HYDROXYPROLINE', 'WATER', 'ARGININE/LYSINE POLYPEPTIDE', 'TOCOPHEROL', 'TRIBEHENIN', 'PALMITIC ACID', 'HYDROXYSTEARIC ACID', 'SORBITAN ISOSTEARATE', 'TRIHYDROXYSTEARIN', 'GLYCINE SOJA OIL', 'PENTAERYTHRITYL TETRA-DI-T-BUTYL HYDROXYHYDROCINNAMATE', 'PORTULACA PILOSA EXTRACT', 'SODIUM HYALURONATE', 'LACTIC ACID', 'SUCROSE COCOATE', 'PALMITOYL TRIPEPTIDE-1', 'PALMITOYL TRIPEPTIDE-38', 'GLUCOMANNAN', 'SORBIC ACID']"
Paula's Choice,Advanced Replenishing Toner,https://www.paulaschoice.com/resist-advanced-replenishing-toner/767.html,"['WATER', 'CYCLOPENTASILOXANE', 'GLYCERIN', 'GLYCERETH-26', 'POLYSORBATE 20', 'DIMETHICONOL', 'LINOLEIC ACID', 'OLEIC ACID', 'LINOLENIC ACID', 'PHOSPHOLIPID', 'CARNOSINE', 'EPIGALLOCATECHIN GALLATE', 'GENISTEIN', 'SODIUM HYALURONATE', 'SPHINGOLIPIDS', 'FERULIC ACID', 'LAURDIMONIUM HYDROXYPROPYL HYDROLYZED SOY PROTEIN', 'GLYCYRRHIZA GLABRA', 'ACETYL GLUCOSAMINE', 'QUERCETIN', 'OENOTHERA BIENNIS OIL', 'BETA VULGARIS ROOT EXTRACT', 'CUCURBITA PEPO SEED EXTRACT', 'LECITHIN', 'CAPRYLIC/CAPRIC TRIGLYCERIDE', 'HYDROLYZED CORN STARCH', 'HYDROGENATED LECITHIN', 'PALMITIC ACID', 'BUTYLENE GLYCOL', 'ACRYLATES/C10-30 ALKYL ACRYLATE CROSSPOLYMER', 'XANTHAN GUM', 'LAURETH-23', 'LAURETH-4', 'AMINOMETHYL PROPANOL', 'DISODIUM EDTA', 'SODIUM BENZOATE', 'ETHYLHEXYLGLYCERIN', 'PHENOXYETHANOL', 'CHLORPHENESIN', 'BENZOIC ACID', 'SORBIC ACID']"
Paula's Choice,Optimal Results Hydrating Cleanser,https://www.paulaschoice.com/resist-optimal-results-hydrating-cleanser/760.html,"['WATER', 'CAPRYLIC/CAPRIC TRIGLYCERIDE', 'DECYL GLUCOSIDE', 'GLYCERIN', 'PEG-20 METHYL GLUCOSE SESQUISTEARATE', 'PPG-20 METHYL GLUCOSE ETHER', 'METHYL GLUCETH-20', 'GLYCERYL STEARATE', 'STEARYL ALCOHOL', 'POLYACRYLAMIDE', 'CAMELLIA OLEIFERA', 'CHAMOMILLA RECUTITA FLOWER EXTRACT', 'SAPINDUS MUKUROSSI PEEL EXTRACT', 'METHYL GLUCOSE SESQUISTEARATE', 'C13-14 ISOPARAFFIN', 'LAURETH-7', 'XANTHAN GUM', 'DISODIUM EDTA', 'CITRIC ACID', 'CAPRYLYL GLYCOL', 'HEXYLENE GLYCOL', 'PHENOXYETHANOL', 'ETHYLHEXYLGLYCERIN']"
Paula's Choice,Barrier Protect Mineral Sunscreen SPF 30,https://www.paulaschoice.com/calm-barrier-protect-mineral-sunscreen-spf-30/9200.html,"['AQUA/WATER/EAU', 'CAPRYLIC/CAPRIC TRIGLYCERIDE', 'C12-15 ALKYL BENZOATE', 'TITANIUM DIOXIDE', 'ZINC OXIDE', 'ETHYLHEXYL METHOXYCRYLENE', 'GLYCERIN', 'POLYESTER-8', 'ALUMINUM STEARATE', 'C15-19 ALKANE', 'HYDROGENATED LECITHIN', 'SILICA', 'TREHALOSE', 'INULIN', 'ALPHA-GLUCAN OLIGOSACCHARIDE', 'ASCORBYL PALMITATE', 'TOCOPHEROL', 'ECHIUM PLANTAGINEUM SEED OIL', 'HELIANTHUS ANNUUS (SUNFLOWER) SEED OIL', 'SIMMONDSIA CHINENSIS (JOJOBA) SEED OIL', 'CENTELLA ASIATICA EXTRACT', 'POLYHYDROXYSTEARIC ACID', 'ALUMINA', 'GLYCERYL CAPRYLATE', 'HYDROXYETHYL ACRYLATE/SODIUM ACRYLOYLDIMETHYL TAURATE COPOLYMER', 'LEUCONOSTOC/RADISH ROOT FERMENT FILTRATE', 'AMMONIUM ACRYLOYLDIMETHYLTAURATE/VP COPOLYMER', 'CAPRYLHYDROXAMIC ACID', 'TRIETHOXYCAPRYLYLSILANE', 'DIHEPTYL SUCCINATE', 'XANTHAN GUM', 'ALLANTOIN', 'SODIUM POLYACRYLATE', 'SODIUM HYDROXIDE', 'ACACIA SENEGAL GUM', 'SODIUM CITRATE', 'CAPRYLOYL GLYCERIN/SEBACIC ACID COPOLYMER', 'POLYSORBATE 60', 'SORBITAN ISOSTEARATE', 'GLYCERYL STEARATE', 'LECITHIN', 'GLYCERYL OLEATE', 'CITRIC ACID', 'SODIUM BENZOATE']"
Paula's Choice,Oil-Free Moisturizer,https://www.paulaschoice.com/clear-oil-free-moisturizer/380.html,"['WATER', 'ETHYL MACADAMIATE', 'GLYCERIN', 'CETEARYL ALCOHOL', 'PROPANEDIOL', 'TRIETHYLHEXANOIN', 'SODIUM ACRYLATES COPOLYMER', 'GLYCERYL STEARATE', 'PEG-100 STEARATE', 'GLYCYRRHIZA GLABRA', 'HYDROLYZED PUMPKIN SEEDCAKE', 'VACCINUM ANGUSTIFOLIUM (BLUEBERRY) FRUIT EXTRACT', 'EUTERPE OLERACEA FRUIT EXTRACT', 'PRUNUS SEROTINA (WILD CHERRY) FRUIT EXTRACT', 'NIACINAMIDE', 'TRIPEPTIDE-29', 'CERAMIDE NP', 'CERAMIDE AP', 'CERAMIDE EOP', 'SODIUM HYALURONATE', 'PHYTOSPHINGOSINE', 'CHOLESTEROL', 'PANTHENOL', 'SODIUM PCA', 'ADENOSINE', 'LECITHIN', 'ARGININE', 'SODIUM LAUROYL LACTYLATE', 'SODIUM GLUCONATE', 'CITRIC ACID', 'ISOHEXADECANE', 'XANTHAN GUM', 'CARBOMER', 'PHENOXYETHANOL', 'ETHYLHEXYLGLYCERIN']"
Paula's Choice,25% AHA + 2% BHA Exfoliant Peel,https://www.paulaschoice.com/skin-perfecting-25pct-aha-and-2pct-bha-exfoliant-peel/9560.html,"['WATER', 'AMINOMETHYL PROPANOL', 'GLYCOLIC ACID', 'LACTIC ACID', 'MANDELIC ACID', 'ISOAMYL LAURATE', 'TARTARIC ACID', 'PROPANEDIOL', 'SALICYLIC ACID', 'MALIC ACID', 'BUTYLENE GLYCOL', 'CLITORIA TERNATEA (BUTTERFLY PEA) FLOWER EXTRACT', 'SODIUM HYALURONATE', 'GLYCYRRHETINIC ACID', 'GLYCERIN', 'TOCOPHEROL', 'BISABOLOL', 'ALLANTOIN', 'HYDROXYETHYLCELLULOSE', 'HYDROGENATED LECITHIN', 'XANTHAN GUM', 'POLYGLYCERYL-4 LAURATE', 'POLYACRYLATE CROSSPOLYMER-6', 'TITANIUM DIOXIDE', 'MICA', 'PHENOXYETHANOL']"
Paula's Choice,Intensive Repair Cream,https://www.paulaschoice.com/resist-intensive-repair-cream/781.html,"['WATER', 'ETHYLHEXYL STEARATE', 'SIMMONDSIA CHINENSIS (JOJOBA) SEED OIL', 'BUTYLENE GLYCOL', 'GLYCERIN', 'CAPRYLIC/CAPRIC TRIGLYCERIDE', 'PETROLATUM', 'CETEARYL ALCOHOL', 'DIMETHICONE', 'DIPENTAERYTHRITYL HEXACAPRYLATE/HEXACAPRATE', 'GLYCERYL STEARATE', 'TRIDECYL TRIMELLITATE', 'PEG-100 STEARATE', 'PHENYL TRIMETHICONE', 'RETINOL', 'ADENOSINE', 'PALMITOYL TETRAPEPTIDE-7', 'PALMITOYL HEXAPEPTIDE-12', 'PALMITOYL TRIPEPTIDE-1', 'CERAMIDE NG', 'SODIUM HYALURONATE', 'MAGNESIUM ASCORBYL PHOSPHATE', 'NIACINAMIDE', 'TOCOPHEROL', 'LECITHIN', 'LINOLEIC ACID', 'LINOLENIC ACID', 'RETINYL PALMITATE', 'GLYCYRRHIZA GLABRA (LICORICE) ROOT EXTRACT', 'CAMELLIA OLEIFERA LEAF EXTRACT', 'CITRULLUS LANATUS (WATERMELON) FRUIT EXTRACT', 'LENTIL FRUIT EXTRACT', 'PYRUS MALUS (APPLE) FRUIT EXTRACT', 'GLYCINE SOJA STEROLS', 'TRIBEHENIN', 'PEG-10 PHYTOSTEROL', 'MAGNESIUM ALUMINUM SILICATE', 'SODIUM PCA', 'SODIUM LACTATE', 'PULLULAN', 'XANTHAN GUM', 'SODIUM HYDROXIDE', 'NEOPENTYL GLYCOL DICAPRYLATE/DICAPRATE', 'CETEARYL GLUCOSIDE', 'TRIDECYL STEARATE', 'BEHENYL ALCOHOL', 'SCLEROTIUM GUM', 'CARBOMER', 'C12-15 ALKYL BENZOATE', 'POLYSORBATE 20', 'DISODIUM EDTA', 'SORBIC ACID', 'PHENOXYETHANOL', 'CHLORPHENESIN', 'BENZOIC ACID']"
Paula's Choice,C5 Super Boost Eye Cream,https://www.paulaschoice.com/c5-super-boost-eye-cream/101.html,"['WATER', 'DICAPRYLYL CARBONATE', 'GLYCERIN', 'TRIHEPTANOIN', 'ASCORBYL GLUCOSIDE', '3-O ETHYL ASCORBIC ACID', 'HYDROXYETHYL ACRYLATE/SODIUM ACRYLOYLDIMETHYL TAURATE COPOLYMER', 'ARACHIDYL ALCOHOL', 'CETEARYL ALCOHOL', 'C13-15 ALKANE', 'ASCORBYL PALMITATE', 'SH-POLYPEPTIDE-121', 'ACETYL HEXAPEPTIDE-8', 'HYALURONIC ACID', 'ZERUMBONE', 'BACILLUS FERMENT', 'TOCOPHEROL', 'TOCOPHERYL ACETATE', 'BUTYROSPERMUM PARKII (SHEA BUTTER) UNSAPONIFIABLES', 'ORYZA SATIVA (RICE) BRAN EXTRACT', 'ROSMARINUS OFFICINALIS (ROSEMARY) LEAF EXTRACT', 'HELIANTHUS ANNUUS SUNFLOWER SEED EXTRACT', 'HYDROGENATED LECITHIN', 'CETEARYL OLIVATE', 'SORBITAN OLIVATE', 'BEHENYL ALCOHOL', 'ARACHIDYL GLUCOSIDE', 'PROPANEDIOL', 'BUTYLENE GLYCOL', 'CETYL ALCOHOL', 'SODIUM PHYTATE', 'SODIUM CITRATE', 'CITRIC ACID', 'SODIUM METABISULFITE', 'PHENOXYETHANOL', 'CAPRYLYL GLYCOL', 'ETHYLHEXYLGLYCERIN', 'HEXYLENE GLYCOL', 'SODIUM HYDROXIDE']"
Paula's Choice,Ceramide-Enriched Firming Eye Cream,https://www.paulaschoice.com/clinical-ceramide-enriched-firming-eye-cream/216.html,"['WATER', 'NEOPENTYL GLYCOL DIHEPTANOATE', 'CETYL ALCOHOL', 'BUTYLENE GLYCOL', 'GLYCERIN', 'GLYCERYL STEARATE', 'PEG-100 STEARATE', 'AMMONIUM ACRYLOYLDIMETHYLTAURATE/VP COPOLYMER', 'ASCORBYL GLUCOSIDE', 'POTASSIUM CETYL PHOSPHATE', 'SODIUM ASCORBYL PHOSPHATE', 'BIS-DIGLYCERYL POLYACYLADIPATE', 'POLYGLYCERYL-10 DIOLEATE', 'TETRAHEXYLDECYL ASCORBATE', 'CERAMIDE NS', 'CERAMIDE EOP', 'CERAMIDE AP', 'CERAMIDE EOS', 'CERAMIDE NP', 'PALMITOYL TRIPEPTIDE-5', 'ACETYL TETRAPEPTIDE-5', 'SODIUM HYALURONATE', 'CAPROOYL PHYTOSPHINGOSINE', 'CAPROOYL SPHINGOSINE', 'CHOLESTEROL', 'SQUALANE', 'RETINOL', 'VITIS VINIFERA (GRAPE) SEED EXTRACT', 'GLYCYRRHIZA GLABRA', 'PUNICA GRANATUM FRUIT EXTRACT', 'DUNALIELLA SALINA EXTRACT', 'PONGAMIA GLABRA SEED OIL', 'TOCOPHERYL ACETATE', 'ALLANTOIN', 'BISABOLOL', 'CARNOSINE', 'PANTHENOL', 'SODIUM PCA', 'PULLULAN', 'GLYCERYL ASCORBATE', 'BEHENIC ACID', 'DIMETHICONE', 'SODIUM CITRATE', 'SODIUM POLYACRYLATE', 'CAPRYLYL GLYCOL', 'ETHYLHEXYL STEARATE', 'CETEARETH-25', 'SODIUM HYDROXIDE', 'TRIDECETH-6', 'PROPYL GALLATE', 'POLYSORBATE 20', 'DISODIUM EDTA', 'MICA', 'PHENOXYETHANOL', 'CHLORPHENESIN', 'SODIUM BENZOATE']"
